actor,technique_id,technique,tactics,via,lab_status,lab_visibility,my_detections,nominal_only,car_exact,used_by,procedure_example
APT29,T1001.002,Steganography,command-and-control,C0023,SYSMON,SYSMON,,False,,APT29,"During Operation Ghost, APT29 used steganography to hide the communications between the implants and their C&C servers."
APT29,T1003.002,Security Account Manager,credential-access,G0016,SYSMON,SYSMON,,False,CAR-2013-04-002,APT29;APT41,APT29 has used the `reg save` command to save registry hives.
APT29,T1003.004,LSA Secrets,credential-access,G0016,SYSMON,SYSMON,,False,,APT29,APT29 has used the `reg save` command to extract LSA secrets offline.
APT29,T1003.006,DCSync,credential-access,C0024,BLIND,BLIND,,False,,APT29,"During the SolarWinds Compromise, APT29 used privileged accounts to replicate directory service data with domain controllers."
APT29,T1005,Data from Local System,collection,G0016;C0024,DATA,DATA,,False,,APT29;APT41;Kimsuky;Amadey;APT1,APT29 has stolen data from compromised hosts.
APT29,T1016.001,Internet Connection Discovery,discovery,G0016;C0024,DATA,DATA,,False,,APT29,APT29 has ensured web servers in a victim environment are Internet accessible before copying tools or malware to it.
APT29,T1018,Remote System Discovery,discovery,C0024,DATA,DATA,,False,CAR-2013-04-002,APT29;APT41,"During the SolarWinds Compromise, APT29 used AdFind to enumerate remote systems."
APT29,T1021.001,Remote Desktop Protocol,lateral-movement,C0024,HUNT,DATA,W3-RDP-REG;W5-H3,False,CAR-2013-07-002;CAR-2013-10-001;CAR-2016-04-005,APT29;APT41;Kimsuky;Amadey;APT1,"During the SolarWinds Compromise, APT29 used RDP sessions from public-facing systems to internal servers."
APT29,T1021.002,SMB/Windows Admin Shares,lateral-movement,C0024,DATA,DATA,,False,CAR-2013-01-003;CAR-2013-04-002;CAR-2013-05-003;CAR-2013-05-005;CAR-2014-05-001,APT29;APT41,"During the SolarWinds Compromise, APT29 used administrative accounts to connect over SMB to targeted users."
APT29,T1021.006,Windows Remote Management,lateral-movement,C0024,DATA,DATA,,False,CAR-2014-05-001;CAR-2014-11-004;CAR-2014-11-006,APT29,"During the SolarWinds Compromise, APT29 used WinRM via PowerShell to execute commands and payloads on remote hosts."
APT29,T1021.007,Cloud Services,lateral-movement,G0016,OUT,OUT,,False,,APT29,"APT29 has leveraged compromised high-privileged on-premises accounts synced to Office 365 to move laterally into a cloud environment, including through the use of Azure AD PowerShell."
APT29,T1027.001,Binary Padding,stealth,G0016,SYSMON,SYSMON,,False,,APT29;Kimsuky,APT29 used large size files to avoid detection by security solutions with hardcoded size limits.
APT29,T1027.002,Software Packing,stealth,G0016,DATA,DATA,,False,,APT29;APT41;TA505;Kimsuky,APT29 used UPX to pack files.
APT29,T1027.003,Steganography,stealth,C0023,SYSMON,SYSMON,,False,,APT29,"During Operation Ghost, APT29 used steganography to hide payloads inside valid images."
APT29,T1027.006,HTML Smuggling,stealth,G0016,SYSMON,SYSMON,,False,,APT29,APT29 has embedded an ISO file within an HTML attachment that contained JavaScript code to initiate malware execution.
APT29,T1036.004,Masquerade Task or Service,stealth,C0024,DATA,DATA,,False,,APT29;APT41;Kimsuky,"During the SolarWinds Compromise, APT29 named tasks `\Microsoft\Windows\SoftwareProtectionPlatform\EventCacheManager` in order to appear legitimate."
APT29,T1036.005,Match Legitimate Resource Name or Location,stealth,G0016;C0024,DATA,DATA,,False,CAR-2021-04-001,APT29;APT41;Kimsuky;APT1,APT29 has renamed malicious DLLs with legitimate names to appear benign; they have also created an Azure AD certificate with a Common Name that matched the display name of the compromised service principal.
APT29,T1037,Boot or Logon Initialization Scripts,persistence;privilege-escalation,G0016,DATA,DATA,,False,CAR-2013-01-002;CAR-2020-11-001,APT29;APT41,APT29 has hijacked legitimate application-specific startup scripts to enable malware to execute on system startup.
APT29,T1037.004,RC Scripts,persistence;privilege-escalation,G0016,OUT,OUT,,False,,APT29,APT29 has installed a run command on a compromised system to enable malware execution on system startup.
APT29,T1047,Windows Management Instrumentation,execution,G0016;C0024,SYSMON,SYSMON,,False,CAR-2014-11-007;CAR-2014-12-001;CAR-2016-03-002,APT29;APT41,APT29 used WMI to steal credentials and execute backdoors at a future time.
APT29,T1048.002,Exfiltration Over Asymmetric Encrypted Non-C2 Protocol,exfiltration,C0024,SYSMON,SYSMON,,False,,APT29,"During the SolarWinds Compromise, APT29 exfiltrated collected data over a simple HTTPS request to a password-protected archive staged on a victim's OWA servers."
APT29,T1053.005,Scheduled Task,execution;persistence;privilege-escalation,G0016;C0024,RULE,DATA,W3-SCHTASKS;W5-H2;W7-CAR-TASK;W7-CAR-PROC,False,CAR-2013-01-002;CAR-2013-04-002;CAR-2013-08-001;CAR-2015-04-002;CAR-2020-09-001;CAR-2021-12-001,APT29;APT41;Kimsuky;Amadey,APT29 has used named and hijacked scheduled tasks to establish persistence.
APT29,T1057,Process Discovery,discovery,C0024,DATA,DATA,,False,CAR-2013-04-002;CAR-2016-03-001,APT29;Kimsuky;APT1,"During the SolarWinds Compromise, APT29 used multiple command-line utilities to enumerate running processes."
APT29,T1059.001,PowerShell,execution,G0016;C0024,HUNT,DATA,W5-H1,False,CAR-2014-04-003;CAR-2014-11-004,APT29;APT41;TA505;Kimsuky;Amadey,APT29 has used encoded PowerShell scripts uploaded to CozyCar installations to download and install SeaDuke.
APT29,T1059.003,Windows Command Shell,execution,C0024,SYSMON,SYSMON,,False,CAR-2013-02-003;CAR-2014-11-002,APT29;APT41;TA505;Kimsuky;APT1,"During the SolarWinds Compromise, APT29 used `cmd.exe` to execute commands on remote machines."
APT29,T1059.005,Visual Basic,execution,C0024,DATA,DATA,,False,CAR-2013-04-002,APT29;TA505;Kimsuky,"For the SolarWinds Compromise, APT29 wrote malware such as Sibot in Visual Basic."
APT29,T1059.006,Python,execution,G0016,DATA,DATA,,False,,APT29;Kimsuky,APT29 has developed malware variants written in Python.
APT29,T1059.009,Cloud API,execution,G0016,OUT,OUT,,False,,APT29,APT29 has leveraged the Microsoft Graph API to perform various actions across Azure and M365 environments. They have also utilized AADInternals PowerShell Modules to access the API
APT29,T1068,Exploitation for Privilege Escalation,privilege-escalation,G0016,DATA,DATA,,False,CAR-2021-01-004,APT29,APT29 has exploited CVE-2021-36934 to escalate privileges on a compromised host.
APT29,T1069,Permission Groups Discovery,discovery,C0024,DATA,DATA,,False,CAR-2013-04-002;CAR-2016-03-001;CAR-2020-11-006,APT29;APT41;TA505,"During the SolarWinds Compromise, APT29 used the `Get-ManagementRoleAssignment` PowerShell cmdlet to enumerate Exchange management role assignments through an Exchange Management Shell."
APT29,T1069.002,Domain Groups,discovery,C0024,DATA,DATA,,False,CAR-2013-04-002;CAR-2016-03-001;CAR-2020-11-006,APT29,"During the SolarWinds Compromise, APT29 used AdFind to enumerate domain groups."
APT29,T1070,Indicator Removal,stealth,C0024,SYSMON,SYSMON,,False,CAR-2016-04-002;CAR-2020-11-005;CAR-2020-11-007;CAR-2021-01-003,APT29,"During the SolarWinds Compromise, APT29 temporarily replaced legitimate utilities with their own, executed their payload, and then restored the original file."
APT29,T1070.004,File Deletion,stealth,G0016;C0024,SYSMON,SYSMON,,False,,APT29;APT41;Kimsuky,APT29 has used SDelete to remove artifacts from victim networks.
APT29,T1070.006,Timestomp,stealth,G0016;C0024,BLIND,BLIND,,False,,APT29;Kimsuky,APT29 has used timestomping to alter the Standard Information timestamps on their web shells to match other files in the same directory.
APT29,T1070.008,Clear Mailbox Data,stealth,C0024,SYSMON,SYSMON,,False,,APT29,"During the SolarWinds Compromise, APT29 removed evidence of email export requests using `Remove-MailboxExportRequest`."
APT29,T1071.001,Web Protocols,command-and-control,C0024,SYSMON,SYSMON,W3-C2-POST,True,,APT29;APT41;TA505;Kimsuky;Amadey,"During the SolarWinds Compromise, APT29 used HTTP for C2 and data exfiltration."
APT29,T1074.002,Remote Data Staging,collection,C0024,SYSMON,SYSMON,,False,,APT29,"During the SolarWinds Compromise, APT29 staged data and files in password-protected archives on a victim's OWA server."
APT29,T1078,Valid Accounts,stealth;persistence;privilege-escalation;initial-access,G0016;C0024,DATA,DATA,,False,CAR-2013-02-008;CAR-2013-02-012;CAR-2013-05-003;CAR-2013-05-005;CAR-2013-10-001,APT29;APT41,APT29 has used a compromised account to access an organization's VPN infrastructure.
APT29,T1078.002,Domain Accounts,stealth;persistence;privilege-escalation;initial-access,C0023;C0024,DATA,DATA,,False,CAR-2013-02-008;CAR-2013-02-012;CAR-2013-05-003;CAR-2013-05-005;CAR-2013-10-001,APT29;TA505,"For Operation Ghost, APT29 used stolen administrator credentials for lateral movement on compromised networks."
APT29,T1078.003,Local Accounts,stealth;persistence;privilege-escalation;initial-access,G0016;C0024,DATA,DATA,,False,CAR-2013-02-008;CAR-2013-02-012;CAR-2013-05-003;CAR-2013-05-005;CAR-2013-10-001,APT29;Kimsuky,"APT29 targets dormant or inactive user accounts, accounts belonging to individuals no longer at the organization but whose accounts remain on the system, for access and persistence."
APT29,T1078.004,Cloud Accounts,stealth;persistence;privilege-escalation;initial-access,G0016;C0024,OUT,OUT,,False,,APT29,APT29 has gained access to a global administrator account in Azure AD and has used `Service Principal` credentials in Exchange.
APT29,T1083,File and Directory Discovery,discovery,C0024,DATA,DATA,,False,,APT29;APT41;Kimsuky;Amadey,"During the SolarWinds Compromise, APT29 obtained information about the configured Exchange virtual directory using `Get-WebServicesVirtualDirectory`."
APT29,T1087,Account Discovery,discovery,C0024,DATA,DATA,,False,CAR-2013-04-002;CAR-2016-03-001,APT29,"During the SolarWinds Compromise, APT29 obtained a list of users and their roles from an Exchange server using `Get-ManagementRoleAssignment`."
APT29,T1087.002,Domain Account,discovery,C0024,DATA,DATA,,False,CAR-2013-04-002;CAR-2016-03-001,APT29;APT41,"During the SolarWinds Compromise, APT29 used PowerShell to discover domain accounts by exectuing `Get-ADUser` and `Get-ADGroupMember`."
APT29,T1087.004,Cloud Account,discovery,G0016,OUT,OUT,,False,,APT29,APT29 has conducted enumeration of Azure AD accounts.
APT29,T1090.001,Internal Proxy,command-and-control,C0024,SYSMON,SYSMON,,False,,APT29,"During the SolarWinds Compromise, APT29 used SSH port forwarding capabilities on public-facing systems, and configured at least one instance of Cobalt Strike to use a network pipe over SMB."
APT29,T1090.002,External Proxy,command-and-control,G0016,DATA,DATA,,False,,APT29,APT29 uses compromised residential endpoints as proxies for defense evasion and network access.
APT29,T1090.003,Multi-hop Proxy,command-and-control,G0016,SYSMON,SYSMON,,False,,APT29,"A backdoor used by APT29 created a Tor hidden service to forward traffic from the Tor client to local ports 3389 (RDP), 139 (Netbios), and 445 (SMB) enabling full remote access from outside the network and has also used TOR."
APT29,T1090.004,Domain Fronting,command-and-control,G0016,SYSMON,SYSMON,,False,,APT29,APT29 has used the meek domain fronting plugin for Tor to hide the destination of C2 traffic.
APT29,T1098.001,Additional Cloud Credentials,persistence;privilege-escalation,C0024,OUT,OUT,,False,,APT29,"During the SolarWinds Compromise, APT29 added credentials to OAuth Applications and Service Principals."
APT29,T1098.002,Additional Email Delegate Permissions,persistence;privilege-escalation,G0016;C0024,DATA,DATA,,False,,APT29,APT29 has used a compromised global administrator account in Azure AD to backdoor a service principal with `ApplicationImpersonation` rights to start collecting emails from targeted mailboxes; APT29 has also used compromised accounts holding `ApplicationImpersonation` rights in Exchange to collect …
APT29,T1098.003,Additional Cloud Roles,persistence;privilege-escalation,C0024,OUT,OUT,,False,,APT29,"During the SolarWinds Compromise, APT29 granted `company administrator` privileges to a newly created service principle."
APT29,T1098.005,Device Registration,persistence;privilege-escalation,G0016;C0024,BLIND,BLIND,,False,,APT29,"APT29 has enrolled their own devices into compromised cloud tenants, including enrolling a device in MFA to an Azure AD environment following a successful password guessing attack against a dormant account."
APT29,T1102.002,Bidirectional Communication,command-and-control,C0023,SYSMON,SYSMON,,False,,APT29;Kimsuky,"For Operation Ghost, APT29 used social media platforms to hide communications to C2 servers."
APT29,T1105,Ingress Tool Transfer,command-and-control,G0016;C0024,HUNT,SYSMON,W5-H1,False,CAR-2013-07-001;CAR-2021-05-005;CAR-2021-05-006;CAR-2021-05-007,APT29;APT41;TA505;Kimsuky;Amadey,APT29 has downloaded additional tools and malware onto compromised networks.
APT29,T1110.001,Password Guessing,credential-access,G0016,DATA,DATA,,False,,APT29,APT29 has successfully conducted password guessing attacks against a list of mailboxes.
APT29,T1110.003,Password Spraying,credential-access,G0016,DATA,DATA,,False,,APT29,APT29 has conducted brute force password spray attacks.
APT29,T1114.002,Remote Email Collection,collection,G0016;C0024,SYSMON,SYSMON,,False,,APT29;Kimsuky;APT1,"APT29 has collected emails from targeted mailboxes within a compromised Azure AD tenant and compromised Exchange servers, including via Exchange Web Services (EWS) API requests."
APT29,T1133,External Remote Services,persistence;initial-access,G0016;C0024,DATA,DATA,,False,,APT29;APT41;Kimsuky,APT29 has used compromised identities to access networks via VPNs and Citrix.
APT29,T1136.003,Cloud Account,persistence,G0016,OUT,OUT,,False,,APT29,APT29 can create new users through Azure AD.
APT29,T1140,Deobfuscate/Decode Files or Information,stealth,C0024,SYSMON,SYSMON,,False,CAR-2021-05-009,APT29;APT41;TA505;Kimsuky;Amadey,"During the SolarWinds Compromise, APT29 used 7-Zip to decode their Raindrop malware."
APT29,T1190,Exploit Public-Facing Application,initial-access,G0016;C0024,SYSMON,SYSMON,,False,,APT29;APT41;Kimsuky,"APT29 has exploited CVE-2019-19781 for Citrix, CVE-2019-11510 for Pulse Secure VPNs, CVE-2018-13379 for FortiGate VPNs, and CVE-2019-9670 in Zimbra software to gain access."
APT29,T1195.002,Compromise Software Supply Chain,initial-access,C0024,SYSMON,SYSMON,,False,,APT29;APT41,"During the SolarWinds Compromise, APT29 gained initial network access to some victims via a trojanized update of SolarWinds Orion software."
APT29,T1199,Trusted Relationship,initial-access,G0016;C0024,SYSMON,SYSMON,,False,,APT29,"APT29 has compromised IT, cloud services, and managed services providers to gain broad access to multiple customers for subsequent operations."
APT29,T1203,Exploitation for Client Execution,execution,G0016,DATA,DATA,,False,,APT29;APT41,"APT29 has used multiple software exploits for common client software, like Microsoft Word, Exchange, and Adobe Reader, to gain code execution."
APT29,T1204.001,Malicious Link,execution,G0016,SYSMON,SYSMON,,False,,APT29;TA505;Kimsuky,APT29 has used various forms of spearphishing attempting to get a user to click on a malicious link.
APT29,T1204.002,Malicious File,execution,G0016,SYSMON,SYSMON,W3-HEXEXE;W5-H2,True,CAR-2021-05-002,APT29;TA505;Kimsuky;Amadey,"APT29 has used various forms of spearphishing attempting to get a user to open attachments, including, but not limited to, malicious Microsoft Word documents, .pdf, and .lnk files."
APT29,T1213,Data from Information Repositories,collection,C0024,BLIND,BLIND,,False,,APT29,"During the SolarWinds Compromise, APT29 accessed victims' internal knowledge repositories (wikis) to view sensitive corporate information on products, services, and internal business operations."
APT29,T1213.003,Code Repositories,collection,C0024,OUT,OUT,,False,,APT29;APT41,"During the SolarWinds Compromise, APT29 downloaded source code from code repositories."
APT29,T1218.005,Mshta,stealth,G0016,HUNT,SYSMON,W5-H1,False,,APT29;Kimsuky;Amadey,APT29 has use `mshta` to execute malicious scripts on a compromised host.
APT29,T1218.011,Rundll32,stealth,C0024,SYSMON,SYSMON,W3-RUNDLL32,True,CAR-2014-03-006,APT29;APT41;TA505;Kimsuky;Amadey,"During the SolarWinds Compromise, APT29 used `Rundll32.exe` to execute payloads."
APT29,T1482,Domain Trust Discovery,discovery,C0024,SYSMON,SYSMON,,False,,APT29,"During the SolarWinds Compromise, APT29 used the `Get-AcceptedDomain` PowerShell cmdlet to enumerate accepted domains through an Exchange Management Shell. They also used AdFind to enumerate domains and to discover trust between federated domains."
APT29,T1484.002,Trust Modification,defense-impairment;privilege-escalation,C0024,BLIND,BLIND,,False,,APT29,"During the SolarWinds Compromise, APT29 changed domain federation trust settings using Azure AD administrative permissions to configure the domain to accept authorization tokens signed by their own SAML signing certificate."
APT29,T1505.003,Web Shell,persistence,G0016,DATA,DATA,,False,CAR-2021-02-001,APT29;APT41;Kimsuky,APT29 has installed web shells on exploited Microsoft Exchange servers.
APT29,T1528,Steal Application Access Token,credential-access,G0016,OUT,OUT,,False,,APT29,"APT29 uses stolen tokens to access victim accounts, without needing a password."
APT29,T1539,Steal Web Session Cookie,credential-access,C0024,SYSMON,SYSMON,,False,,APT29;Kimsuky,"During the SolarWinds Compromise, APT29 stole Chrome browser cookies by copying the Chrome profile directories of targeted users."
APT29,T1546.003,Windows Management Instrumentation Event Subscription,privilege-escalation;persistence,G0016;C0023;C0024,SYSMON,SYSMON,,False,CAR-2013-01-002,APT29,APT29 has used WMI event subscriptions for persistence.
APT29,T1546.008,Accessibility Features,privilege-escalation;persistence,G0016,SYSMON,SYSMON,,False,CAR-2013-01-002;CAR-2014-11-003;CAR-2014-11-008,APT29;APT41,"APT29 used sticky-keys to obtain unauthenticated, privileged console access."
APT29,T1547.001,Registry Run Keys / Startup Folder,persistence;privilege-escalation,G0016,SYSMON,SYSMON,W3-STARTUP-REG,True,CAR-2013-01-002;CAR-2013-03-001;CAR-2020-05-003;CAR-2021-12-002,APT29;APT41;Kimsuky;Amadey,APT29 added Registry Run keys to establish persistence.
APT29,T1548.002,Bypass User Account Control,privilege-escalation,G0016,SYSMON,SYSMON,,False,CAR-2013-10-002;CAR-2019-04-001;CAR-2021-01-008,APT29,APT29 has bypassed UAC.
APT29,T1550,Use Alternate Authentication Material,lateral-movement,C0024,DATA,DATA,,False,CAR-2016-04-004,APT29,"During the SolarWinds Compromise, APT29 used forged SAML tokens that allowed the actors to impersonate users and bypass MFA, enabling APT29 to access enterprise cloud applications and services."
APT29,T1550.001,Application Access Token,lateral-movement,C0024,OUT,OUT,,False,,APT29,"During the SolarWinds Compromise, APT29 used compromised service principals to make changes to the Office 365 environment."
APT29,T1550.003,Pass the Ticket,lateral-movement,G0016,SYSMON,SYSMON,,False,,APT29,APT29 used Kerberos ticket attacks for lateral movement.
APT29,T1550.004,Web Session Cookie,lateral-movement,C0024,OUT,OUT,,False,,APT29,"During the SolarWinds Compromise, APT29 used stolen cookies to access cloud resources and a forged `duo-sid` cookie to bypass MFA set on an email account."
APT29,T1552.004,Private Keys,credential-access,C0024,SYSMON,SYSMON,,False,,APT29;Kimsuky,"During the SolarWinds Compromise, APT29 obtained PKI keys, certificate files, and the private encryption key from an Active Directory Federation Services (AD FS) container to decrypt corresponding SAML signing certificates."
APT29,T1553.002,Code Signing,defense-impairment,C0024,DATA,DATA,,False,,APT29;APT41;TA505;Kimsuky,"During the SolarWinds Compromise, APT29 was able to get SUNBURST signed by SolarWinds code signing certificates by injecting the malware into the SolarWinds Orion software lifecycle."
APT29,T1553.005,Mark-of-the-Web Bypass,defense-impairment,G0016,SYSMON,SYSMON,,False,,APT29;TA505;Amadey,APT29 has embedded ISO images and VHDX files in HTML to evade Mark-of-the-Web.
APT29,T1555,Credentials from Password Stores,credential-access,C0024,SYSMON,SYSMON,,False,,APT29;APT41,"During the SolarWinds Compromise, APT29 used account credentials they obtained to attempt access to Group Managed Service Account (gMSA) passwords."
APT29,T1555.003,Credentials from Web Browsers,credential-access,C0024,SYSMON,SYSMON,W3-RUNDLL32,True,,APT29;APT41;TA505;Kimsuky;Amadey,"During the SolarWinds Compromise, APT29 stole users' saved passwords from Chrome."
APT29,T1556.007,Hybrid Identity,defense-impairment;persistence;credential-access,G0016,BLIND,BLIND,,False,,APT29,"APT29 has edited the `Microsoft.IdentityServer.Servicehost.exe.config` file to load a malicious DLL into the AD FS process, thereby enabling persistent access to any service federated with AD FS for a user with a specified User Principal Name."
APT29,T1558.003,Kerberoasting,credential-access,C0024,DATA,DATA,,False,,APT29,"During the SolarWinds Compromise, APT29 obtained Ticket Granting Service (TGS) tickets for Active Directory Service Principle Names to crack offline."
APT29,T1560.001,Archive via Utility,collection,C0024,SYSMON,SYSMON,,False,CAR-2013-07-005,APT29;APT41;Kimsuky;APT1,"During the SolarWinds Compromise, APT29 used 7-Zip to compress stolen emails into password-protected archives prior to exfltration; APT29 also compressed text files into zipped archives."
APT29,T1566.001,Spearphishing Attachment,initial-access,G0016,SYSMON,SYSMON,,False,,APT29;APT41;TA505;Kimsuky;Amadey;APT1,APT29 has used spearphishing emails with an attachment to deliver files with exploits to initial victims.
APT29,T1566.002,Spearphishing Link,initial-access,G0016,SYSMON,SYSMON,,False,,APT29;TA505;Kimsuky;APT1,APT29 has used spearphishing with a link to trick victims into clicking on a link to a zip file containing malicious files.
APT29,T1566.003,Spearphishing via Service,initial-access,G0016,SYSMON,SYSMON,,False,,APT29,APT29 has used the legitimate mailing service Constant Contact to send phishing e-mails.
APT29,T1568,Dynamic Resolution,command-and-control,G0016;C0024,DATA,DATA,,False,,APT29;Kimsuky,APT29 has used Dynamic DNS providers for their malware C2 infrastructure.
APT29,T1573,Encrypted Channel,command-and-control,G0016,SYSMON,SYSMON,,False,,APT29,APT29 has used multiple layers of encryption within malware to protect C2 communication.
APT29,T1583.001,Domains,resource-development,C0023;C0024,CTI,CTI,,False,,APT29;TA505;Kimsuky;Amadey;APT1,"For Operation Ghost, APT29 registered domains for use in C2 including some crafted to appear as existing legitimate domains."
APT29,T1583.006,Web Services,resource-development,G0016,CTI,CTI,,False,,APT29;Kimsuky,"APT29 has registered algorithmically generated Twitter handles that are used for C2 by malware, such as HAMMERTOSS. APT29 has also used legitimate web services such as Dropbox and Constant Contact in their operations."
APT29,T1584.001,Domains,resource-development,C0024,CTI,CTI,,False,,APT29;Kimsuky;APT1,"For the SolarWinds Compromise, APT29 compromised domains to use for C2."
APT29,T1585.001,Social Media Accounts,resource-development,C0023,CTI,CTI,,False,,APT29;Kimsuky,"For Operation Ghost, APT29 registered Twitter accounts to host C2 nodes."
APT29,T1586.002,Email Accounts,resource-development,G0016,CTI,CTI,,False,,APT29;Kimsuky,APT29 has compromised email accounts to further enable phishing campaigns and taken control of dormant accounts.
APT29,T1586.003,Cloud Accounts,resource-development,G0016,CTI,CTI,,False,,APT29;APT41,"APT29 has used residential proxies, including Azure Virtual Machines, to obfuscate their access to victim environments."
APT29,T1587.001,Malware,resource-development,G0016;C0023;C0024,CTI,CTI,,False,,APT29;Kimsuky;Amadey,APT29 has used unique malware in many of their operations.
APT29,T1587.003,Digital Certificates,resource-development,G0016,CTI,CTI,,False,,APT29,APT29 has created self-signed digital certificates to enable mutual TLS authentication for malware.
APT29,T1588.002,Tool,resource-development,G0016,CTI,CTI,,False,,APT29;APT41;TA505;Kimsuky;APT1,"APT29 has obtained and used a variety of tools including Mimikatz, SDelete, Tor, meek, and Cobalt Strike."
APT29,T1589.001,Credentials,reconnaissance,C0024,CTI,CTI,,False,,APT29,"For the SolarWinds Compromise, APT29 conducted credential theft operations to obtain credentials to be used for access to victim environments."
APT29,T1595.002,Vulnerability Scanning,reconnaissance,G0016,CTI,CTI,,False,,APT29;APT41,APT29 has conducted widespread scanning of target environments to identify vulnerabilities for exploit.
APT29,T1606.001,Web Cookies,credential-access,C0024,DATA,DATA,,False,,APT29,"During the SolarWinds Compromise, APT29 bypassed MFA set on OWA accounts by generating a cookie value from a previously stolen secret key."
APT29,T1606.002,SAML Tokens,credential-access,C0024,DATA,DATA,,False,CAR-2021-05-008,APT29,"During the SolarWinds Compromise, APT29 created tokens using compromised SAML signing certificates."
APT29,T1621,Multi-Factor Authentication Request Generation,credential-access,G0016,DATA,DATA,,False,,APT29,APT29 has used repeated MFA requests to gain access to victim accounts.
APT29,T1649,Steal or Forge Authentication Certificates,credential-access,G0016,BLIND,BLIND,,False,,APT29,APT29 has abused misconfigured AD CS certificate templates to impersonate admin users and create additional authentication certificates.
APT29,T1651,Cloud Administration Command,execution,G0016,OUT,OUT,,False,,APT29,APT29 has used Azure Run Command and Azure Admin-on-Behalf-of (AOBO) to execute code on virtual machines.
APT29,T1665,Hide Infrastructure,command-and-control,G0016;C0024,BLIND,BLIND,,False,,APT29,"APT29 uses compromised residential endpoints, typically within the same ISP IP address range, as proxies to hide the true source of C2 traffic."
APT29,T1680,Local Storage Discovery,discovery,C0024,DATA,DATA,,False,,APT29;APT41;Kimsuky,"During the SolarWinds Compromise, APT29 used `fsutil` to check available free space before executing actions that might create large files on disk."
APT29,T1685,Disable or Modify Tools,defense-impairment,C0024,SYSMON,SYSMON,,False,CAR-2013-04-002;CAR-2016-04-003;CAR-2020-09-003;CAR-2021-01-007;CAR-2022-03-001,APT29;APT41;TA505;Kimsuky,"During the SolarWinds Compromise, APT29 used the service control manager on a remote system to disable services associated with security monitoring products."
APT29,T1685.001,Disable or Modify Windows Event Log,defense-impairment,C0024,DATA,DATA,,False,CAR-2022-03-001,APT29,"During the SolarWinds Compromise, APT29, used `AUDITPOL` to prevent the collection of audit logs."
APT29,T1685.002,Disable or Modify Cloud Log,defense-impairment,G0016,OUT,OUT,,False,,APT29,APT29 has disabled Purview Audit on targeted accounts prior to stealing emails from Microsoft 365 tenants.
APT29,T1686,Disable or Modify System Firewall,defense-impairment,C0024,HUNT,DATA,W5-H3,False,,APT29;Kimsuky;Amadey,"During the SolarWinds Compromise, APT29 used `netsh` to configure firewall rules that limited certain UDP outbound packets."
APT41,T1001.003,Protocol or Service Impersonation,command-and-control,C0017,SYSMON,SYSMON,,False,,APT41,"During C0017, APT41 frequently configured the URL endpoints of their stealthy passive backdoor LOWKEY.PASSIVE to masquerade as normal web application traffic on an infected server."
APT41,T1003.001,LSASS Memory,credential-access,G0096,SYSMON,SYSMON,,False,CAR-2013-07-001;CAR-2019-04-004;CAR-2019-07-002;CAR-2019-08-001;CAR-2021-05-011,APT41;Kimsuky;APT1,"APT41 has used hashdump, Mimikatz, Procdump, and the Windows Credential Editor to dump password hashes from memory and authenticate to other user accounts."
APT41,T1003.002,Security Account Manager,credential-access,G0096;C0017,SYSMON,SYSMON,,False,CAR-2013-04-002,APT29;APT41,"APT41 extracted user account data from the Security Account Managerr (SAM), making a copy of this database from the registry using the <code>reg save</code> command or by exploiting volume shadow copies."
APT41,T1003.003,NTDS,credential-access,G0096,SYSMON,SYSMON,,False,CAR-2019-08-002;CAR-2020-05-001,APT41,APT41 used ntdsutil to obtain a copy of the victim environment <code>ntds.dit</code> file.
APT41,T1005,Data from Local System,collection,G0096;C0017,DATA,DATA,,False,,APT29;APT41;Kimsuky;Amadey;APT1,APT41 has uploaded files and data from a compromised host.
APT41,T1008,Fallback Channels,command-and-control,G0096,SYSMON,SYSMON,,False,,APT41,APT41 used the Steam community page as a fallback mechanism for C2.
APT41,T1012,Query Registry,discovery,G0096,DATA,DATA,,False,CAR-2013-03-001;CAR-2013-04-002;CAR-2020-05-003,APT41;Kimsuky,APT41 queried registry values to determine items such as configured RDP ports and network configurations.
APT41,T1014,Rootkit,stealth,G0096,SYSMON,SYSMON,,False,,APT41,APT41 deployed rootkits on Linux systems.
APT41,T1016,System Network Configuration Discovery,discovery,G0096;C0017,DATA,DATA,,False,CAR-2013-04-002;CAR-2016-03-001,APT41;Kimsuky;Amadey;APT1,APT41 collected MAC addresses from victim machines.
APT41,T1018,Remote System Discovery,discovery,G0096,DATA,DATA,,False,CAR-2013-04-002,APT29;APT41,APT41 has used MiPing to discover active systems in the victim network.
APT41,T1021.001,Remote Desktop Protocol,lateral-movement,G0096,HUNT,DATA,W3-RDP-REG;W5-H3,False,CAR-2013-07-002;CAR-2013-10-001;CAR-2016-04-005,APT29;APT41;Kimsuky;Amadey;APT1,APT41 used RDP for lateral movement. APT41 used NATBypass to expose local RDP ports on compromised systems to the Internet.
APT41,T1021.002,SMB/Windows Admin Shares,lateral-movement,G0096,DATA,DATA,,False,CAR-2013-01-003;CAR-2013-04-002;CAR-2013-05-003;CAR-2013-05-005;CAR-2014-05-001,APT29;APT41,"APT41 has transferred implant files using Windows Admin Shares and the Server Message Block (SMB) protocol, then executes files through Windows Management Instrumentation (WMI)."
APT41,T1027,Obfuscated Files or Information,stealth,G0096;C0017,DATA,DATA,,False,,APT41;Kimsuky;Amadey,APT41 used VMProtected binaries in multiple intrusions.
APT41,T1027.002,Software Packing,stealth,G0096;C0017,DATA,DATA,,False,,APT29;APT41;TA505;Kimsuky,APT41 uses packers such as Themida to obfuscate malicious files.
APT41,T1027.013,Encrypted/Encoded File,stealth,C0040,SYSMON,SYSMON,,False,,APT41;TA505;Kimsuky,APT41 DUST used encrypted payloads decrypted and executed in memory.
APT41,T1030,Data Transfer Size Limits,exfiltration,G0096,SYSMON,SYSMON,,False,,APT41,APT41 transfers post-exploitation files dividing the payload into fixed-size chunks to evade detection.
APT41,T1033,System Owner/User Discovery,discovery,G0096;C0017,DATA,DATA,,False,CAR-2013-04-002;CAR-2016-03-001,APT41;Kimsuky;Amadey,"APT41 has executed <code>whoami</code> commands, including using the WMIEXEC utility to execute this on remote machines."
APT41,T1036.004,Masquerade Task or Service,stealth,G0096;C0040;C0017,DATA,DATA,,False,,APT29;APT41;Kimsuky,APT41 has created services to appear as benign system tools.
APT41,T1036.005,Match Legitimate Resource Name or Location,stealth,G0096;C0017,DATA,DATA,,False,CAR-2021-04-001,APT29;APT41;Kimsuky;APT1,APT41 attempted to masquerade their files as popular anti-virus software.
APT41,T1037,Boot or Logon Initialization Scripts,persistence;privilege-escalation,G0096,DATA,DATA,,False,CAR-2013-01-002;CAR-2020-11-001,APT29;APT41,APT41 used a hidden shell script in `/etc/rc.d/init.d` to leverage the `ADORE.XSEC`backdoor and `Adore-NG` rootkit.
APT41,T1041,Exfiltration Over C2 Channel,exfiltration,C0017,SYSMON,SYSMON,,False,,APT41;Kimsuky;Amadey,"During C0017, APT41 used its Cloudflare services C2 channels for data exfiltration."
APT41,T1046,Network Service Discovery,discovery,G0096,DATA,DATA,,False,CAR-2013-04-002;CAR-2021-01-001,APT41,APT41 used a malware variant called WIDETONE to conduct port scans on specified subnets.
APT41,T1047,Windows Management Instrumentation,execution,G0096,SYSMON,SYSMON,,False,CAR-2014-11-007;CAR-2014-12-001;CAR-2016-03-002,APT29;APT41,"APT41 used WMI in several ways, including for execution of commands via WMIEXEC as well as for persistence via PowerSploit. APT41 has executed files through Windows Management Instrumentation (WMI)."
APT41,T1048.003,Exfiltration Over Unencrypted Non-C2 Protocol,exfiltration,C0017,SYSMON,SYSMON,,False,,APT41,"During C0017, APT41 exfiltrated victim data via DNS lookups by encoding and prepending it as subdomains to the attacker-controlled domain."
APT41,T1049,System Network Connections Discovery,discovery,G0096,DATA,DATA,,False,CAR-2013-04-002,APT41;APT1,"APT41 has enumerated IP addresses of network resources and used the <code>netstat</code> command as part of network reconnaissance. The group has also used a malware variant, HIGHNOON, to enumerate active RDP sessions."
APT41,T1053.005,Scheduled Task,execution;persistence;privilege-escalation,G0096;C0017,RULE,DATA,W3-SCHTASKS;W5-H2;W7-CAR-TASK;W7-CAR-PROC,False,CAR-2013-01-002;CAR-2013-04-002;CAR-2013-08-001;CAR-2015-04-002;CAR-2020-09-001;CAR-2021-12-001,APT29;APT41;Kimsuky;Amadey,APT41 used a compromised account to create a scheduled task on a system.
APT41,T1055,Process Injection,stealth;privilege-escalation,G0096,SYSMON,SYSMON,,False,CAR-2013-10-002;CAR-2020-11-003;CAR-2020-11-004,APT41;Kimsuky,APT41 malware TIDYELF loaded the main WINTERLOVE component by injecting it into the iexplore.exe process.
APT41,T1056.001,Keylogging,collection;credential-access,G0096,SYSMON,SYSMON,,False,,APT41;Kimsuky,APT41 used a keylogger called GEARSHIFT on a target system.
APT41,T1059.001,PowerShell,execution,G0096,HUNT,DATA,W5-H1,False,CAR-2014-04-003;CAR-2014-11-004,APT29;APT41;TA505;Kimsuky;Amadey,APT41 leveraged PowerShell to deploy malware families in victims’ environments.
APT41,T1059.003,Windows Command Shell,execution,G0096;C0017,SYSMON,SYSMON,,False,CAR-2013-02-003;CAR-2014-11-002,APT29;APT41;TA505;Kimsuky;APT1,APT41 used <code>cmd.exe /c</code> to execute commands on remote machines. APT41 used a batch file to install persistence for the Cobalt Strike BEACON loader.
APT41,T1059.004,Unix Shell,execution,G0096,OUT,OUT,,False,,APT41,APT41 used Linux shell commands for system survey and information gathering prior to exploitation of vulnerabilities such as CVE-2019-19871.
APT41,T1059.007,JavaScript,execution,C0017,HUNT,SYSMON,W5-H1,False,,APT41;TA505;Kimsuky;Amadey,"During C0017, APT41 deployed JScript web shells on compromised systems."
APT41,T1069,Permission Groups Discovery,discovery,G0096,DATA,DATA,,False,CAR-2013-04-002;CAR-2016-03-001;CAR-2020-11-006,APT29;APT41;TA505,APT41 used <code>net group</code> commands to enumerate various Windows user groups and permissions.
APT41,T1070.003,Clear Command History,stealth,G0096,SYSMON,SYSMON,,False,CAR-2020-11-005,APT41,APT41 attempted to remove evidence of some of its activity by deleting Bash histories.
APT41,T1070.004,File Deletion,stealth,G0096;C0040,SYSMON,SYSMON,,False,,APT29;APT41;Kimsuky,APT41 deleted files from the system.
APT41,T1071.001,Web Protocols,command-and-control,G0096;C0040;C0017,SYSMON,SYSMON,W3-C2-POST,True,,APT29;APT41;TA505;Kimsuky;Amadey,APT41 used HTTP to download payloads for CVE-2019-19781 and CVE-2020-10189 exploits.
APT41,T1071.002,File Transfer Protocols,command-and-control,G0096,SYSMON,SYSMON,,False,,APT41;Kimsuky,APT41 used exploit payloads that initiate download via ftp.
APT41,T1071.004,DNS,command-and-control,G0096,SYSMON,SYSMON,,False,,APT41,APT41 used DNS for C2 communications.
APT41,T1074.001,Local Data Staging,collection,C0040;C0017,SYSMON,SYSMON,,False,,APT41;Kimsuky,APT41 DUST involved exporting data from Oracle databases to local CSV files prior to exfiltration.
APT41,T1078,Valid Accounts,stealth;persistence;privilege-escalation;initial-access,G0096,DATA,DATA,,False,CAR-2013-02-008;CAR-2013-02-012;CAR-2013-05-003;CAR-2013-05-005;CAR-2013-10-001,APT29;APT41,APT41 used compromised credentials to log on to other systems.
APT41,T1082,System Information Discovery,discovery,G0096,DATA,DATA,,False,CAR-2013-04-002;CAR-2016-03-001,APT41;Kimsuky;Amadey,APT41 uses multiple built-in commands such as <code>systeminfo</code> and `net config Workstation` to enumerate victim system basic configuration information.
APT41,T1083,File and Directory Discovery,discovery,G0096,DATA,DATA,,False,,APT29;APT41;Kimsuky;Amadey,"APT41 has executed <code>file /bin/pwd</code> on exploited victims, perhaps to return architecture related information."
APT41,T1087.001,Local Account,discovery,G0096,DATA,DATA,,False,CAR-2013-04-002;CAR-2016-03-001,APT41;APT1,APT41 used built-in <code>net</code> commands to enumerate local administrator groups.
APT41,T1087.002,Domain Account,discovery,G0096,DATA,DATA,,False,CAR-2013-04-002;CAR-2016-03-001,APT29;APT41,APT41 used built-in <code>net</code> commands to enumerate domain administrator users.
APT41,T1090,Proxy,command-and-control,G0096;C0017,SYSMON,SYSMON,,False,,APT41;Amadey,APT41 used a tool called CLASSFON to covertly proxy network communications.
APT41,T1098.007,Additional Local or Domain Groups,persistence;privilege-escalation,G0096,DATA,DATA,,False,,APT41;Kimsuky,APT41 has added user accounts to the User and Admin groups.
APT41,T1102,Web Service,command-and-control,C0040;C0017,SYSMON,SYSMON,,False,,APT41,APT41 DUST used compromised Google Workspace accounts for command and control.
APT41,T1102.001,Dead Drop Resolver,command-and-control,G0096;C0017,SYSMON,SYSMON,,False,,APT41;Kimsuky,"APT41 used legitimate websites for C2 through dead drop resolvers (DDR), including GitHub, Pastebin, and Microsoft TechNet."
APT41,T1104,Multi-Stage Channels,command-and-control,G0096,DATA,DATA,,False,,APT41,APT41 used the storescyncsvc.dll BEACON backdoor to download a secondary backdoor.
APT41,T1105,Ingress Tool Transfer,command-and-control,G0096;C0040;C0017,HUNT,SYSMON,W5-H1,False,CAR-2013-07-001;CAR-2021-05-005;CAR-2021-05-006;CAR-2021-05-007,APT29;APT41;TA505;Kimsuky;Amadey,APT41 used certutil to download additional files. APT41 downloaded post-exploitation tools such as Cobalt Strike via command shell following initial access. APT41 has uploaded Procdump and NATBypass to a staging directory and has used these tools in follow-on activities.
APT41,T1110,Brute Force,credential-access,G0096,DATA,DATA,,False,,APT41,APT41 performed password brute-force attacks on the local admin account.
APT41,T1112,Modify Registry,defense-impairment;persistence,G0096,DATA,DATA,W3-RDP-REG;W3-STARTUP-REG,True,CAR-2013-01-002;CAR-2013-03-001;CAR-2013-04-002;CAR-2014-11-005;CAR-2020-05-003;CAR-2021-11-001;CAR-2021-11-002;CAR-2021-12-002,APT41;TA505;Kimsuky;Amadey,APT41 used a malware variant called GOODLUCK to modify the registry in order to steal credentials.
APT41,T1119,Automated Collection,collection,C0040,DATA,DATA,,False,,APT41;APT1,APT41 DUST used tools such as SQLULDR2 and PINEGROVE to gather local system and database information.
APT41,T1133,External Remote Services,persistence;initial-access,G0096,DATA,DATA,,False,,APT29;APT41;Kimsuky,APT41 compromised an online billing/payment service using VPN access between a third-party service provider and the targeted payment service.
APT41,T1134,Access Token Manipulation,stealth;privilege-escalation,C0017,SYSMON,SYSMON,,False,,APT41,"During C0017, APT41 used a ConfuserEx obfuscated BADPOTATO exploit to abuse named-pipe impersonation for local `NT AUTHORITY\SYSTEM` privilege escalation."
APT41,T1135,Network Share Discovery,discovery,G0096,SYSMON,SYSMON,,False,,APT41;APT1,APT41 used the <code>net share</code> command as part of network reconnaissance.
APT41,T1136.001,Local Account,persistence,G0096,HUNT,DATA,W5-H3,False,CAR-2021-05-010,APT41;Kimsuky;Amadey,APT41 has created user accounts.
APT41,T1140,Deobfuscate/Decode Files or Information,stealth,C0017,SYSMON,SYSMON,,False,CAR-2021-05-009,APT29;APT41;TA505;Kimsuky;Amadey,"During C0017, APT41 used the DUSTPAN loader to decrypt embedded payloads."
APT41,T1190,Exploit Public-Facing Application,initial-access,G0096;C0017,SYSMON,SYSMON,,False,,APT29;APT41;Kimsuky,"APT41 exploited CVE-2020-10189 against Zoho ManageEngine Desktop Central through unsafe deserialization, and CVE-2019-19781 to compromise Citrix Application Delivery Controllers (ADC) and gateway devices. APT41 leveraged vulnerabilities such as ProxyLogon exploitation or SQL injection for initial …"
APT41,T1195.002,Compromise Software Supply Chain,initial-access,G0096,SYSMON,SYSMON,,False,,APT29;APT41,"APT41 gained access to production environments where they could inject malicious code into legitimate, signed files and widely distribute them to end users."
APT41,T1197,BITS Jobs,stealth;persistence;execution,G0096,DATA,DATA,,False,CAR-2021-05-004;CAR-2021-05-005,APT41,APT41 used BITSAdmin to download and install payloads.
APT41,T1203,Exploitation for Client Execution,execution,G0096,DATA,DATA,,False,,APT29;APT41,"APT41 leveraged the follow exploits in their operations: CVE-2012-0158, CVE-2015-1641, CVE-2017-0199, CVE-2017-11882, and CVE-2019-3396."
APT41,T1213.003,Code Repositories,collection,G0096,OUT,OUT,,False,,APT29;APT41,APT41 cloned victim user Git repositories during intrusions.
APT41,T1213.006,Databases,collection,C0040,SYSMON,SYSMON,,False,,APT41,APT41 DUST collected data from victim Oracle databases using SQLULDR2.
APT41,T1218.001,Compiled HTML File,stealth,G0096,SYSMON,SYSMON,,False,CAR-2020-11-009,APT41,APT41 used compiled HTML (.chm) files for targeting.
APT41,T1218.011,Rundll32,stealth,G0096,SYSMON,SYSMON,W3-RUNDLL32,True,CAR-2014-03-006,APT29;APT41;TA505;Kimsuky;Amadey,APT41 has used rundll32.exe to execute a loader.
APT41,T1480.001,Environmental Keying,stealth,G0096,SYSMON,SYSMON,,False,,APT41,"APT41 has encrypted payloads using the Data Protection API (DPAPI), which relies on keys tied to specific user accounts on specific machines. APT41 has also environmentally keyed second stage malware with an RC5 key derived in part from the infected system's volume serial number."
APT41,T1484.001,Group Policy Modification,defense-impairment;privilege-escalation,G0096,BLIND,BLIND,,False,,APT41,APT41 used scheduled tasks created via Group Policy Objects (GPOs) to deploy ransomware.
APT41,T1486,Data Encrypted for Impact,impact,G0096,SYSMON,SYSMON,,False,,APT41;TA505;Amadey,APT41 used a ransomware called Encryptor RaaS to encrypt files on the targeted systems and provide a ransom note to the user. APT41 also used Microsoft Bitlocker to encrypt workstations and Jetico’s BestCrypt to encrypt servers.
APT41,T1496.001,Compute Hijacking,impact,G0096,DATA,DATA,,False,,APT41,APT41 deployed a Monero cryptocurrency mining tool in a victim’s environment.
APT41,T1505.003,Web Shell,persistence,C0040;C0017,DATA,DATA,,False,CAR-2021-02-001,APT29;APT41;Kimsuky,APT41 DUST involved use of web shells such as ANTSWORD and BLUEBEAM for persistence.
APT41,T1542.003,Bootkit,stealth;persistence,G0096,SYSMON,SYSMON,,False,,APT41,APT41 deployed Master Boot Record bootkits on Windows systems to hide their malware and maintain persistence on victim systems.
APT41,T1543.003,Windows Service,persistence;privilege-escalation,G0096;C0040,SYSMON,SYSMON,,False,CAR-2013-01-002;CAR-2013-04-002;CAR-2013-09-005;CAR-2014-02-001;CAR-2014-03-005;CAR-2014-05-002,APT41;Kimsuky,APT41 modified legitimate Windows services to install malware backdoors. APT41 created the StorSyncSvc service to provide persistence for Cobalt Strike.
APT41,T1546.008,Accessibility Features,privilege-escalation;persistence,G0096,SYSMON,SYSMON,,False,CAR-2013-01-002;CAR-2014-11-003;CAR-2014-11-008,APT29;APT41,APT41 leveraged sticky keys to establish persistence.
APT41,T1547.001,Registry Run Keys / Startup Folder,persistence;privilege-escalation,G0096,SYSMON,SYSMON,W3-STARTUP-REG,True,CAR-2013-01-002;CAR-2013-03-001;CAR-2020-05-003;CAR-2021-12-002,APT29;APT41;Kimsuky;Amadey,APT41 created and modified startup files for persistence. APT41 added a registry key in <code>HKLM\SOFTWARE\Microsoft\Windows NT\CurrentVersion\Svchost</code> to establish persistence for Cobalt Strike.
APT41,T1550.002,Pass the Hash,lateral-movement,G0096,DATA,DATA,,False,CAR-2016-04-004,APT41;Kimsuky;APT1,APT41 uses tools such as Mimikatz to enable lateral movement via captured password hashes.
APT41,T1553.002,Code Signing,defense-impairment,G0096;C0040,DATA,DATA,,False,,APT29;APT41;TA505;Kimsuky,APT41 leveraged code-signing certificates to sign malware when targeting both gaming and non-gaming organizations.
APT41,T1555,Credentials from Password Stores,credential-access,G0096,SYSMON,SYSMON,,False,,APT29;APT41,"APT41 has obtained information about accounts, lists of employees, and plaintext and hashed passwords from databases."
APT41,T1555.003,Credentials from Web Browsers,credential-access,G0096,SYSMON,SYSMON,W3-RUNDLL32,True,,APT29;APT41;TA505;Kimsuky;Amadey,"APT41 used BrowserGhost, a tool designed to obtain credentials from browsers, to retrieve information from password stores."
APT41,T1560.001,Archive via Utility,collection,G0096;C0040,SYSMON,SYSMON,,False,CAR-2013-07-005,APT29;APT41;Kimsuky;APT1,"APT41 created a RAR archive of targeted files for exfiltration. Additionally, APT41 used the makecab.exe utility to both download tools, such as NATBypass, to the victim network and to archive a file for exfiltration."
APT41,T1560.003,Archive via Custom Method,collection,C0017,SYSMON,SYSMON,,False,,APT41;Kimsuky,"During C0017, APT41 hex-encoded PII data prior to exfiltration."
APT41,T1566.001,Spearphishing Attachment,initial-access,G0096,SYSMON,SYSMON,,False,,APT29;APT41;TA505;Kimsuky;Amadey;APT1,APT41 sent spearphishing emails with attachments such as compiled HTML (.chm) files to initially compromise their victims.
APT41,T1567,Exfiltration Over Web Service,exfiltration,C0017,SYSMON,SYSMON,,False,,APT41,"During C0017, APT41 used Cloudflare services for data exfiltration."
APT41,T1567.002,Exfiltration to Cloud Storage,exfiltration,C0040,SYSMON,SYSMON,,False,,APT41;Kimsuky,APT41 DUST exfiltrated collected information to OneDrive.
APT41,T1568.002,Domain Generation Algorithms,command-and-control,G0096,DATA,DATA,,False,,APT41,APT41 has used DGAs to change their C2 servers monthly.
APT41,T1569.002,Service Execution,execution,G0096;C0040,SYSMON,SYSMON,,False,CAR-2013-04-002;CAR-2014-02-001;CAR-2014-03-005;CAR-2021-05-012,APT41,APT41 used svchost.exe and Net to execute a system service installed to launch a Cobalt Strike BEACON loader.
APT41,T1570,Lateral Tool Transfer,lateral-movement,G0096,SYSMON,SYSMON,,False,CAR-2013-05-003;CAR-2013-05-005;CAR-2014-03-001,APT41,APT41 uses remote shares to move and remotely execute payloads during lateral movemement.
APT41,T1573.002,Asymmetric Cryptography,command-and-control,C0040,SYSMON,SYSMON,,False,,APT41,APT41 DUST used HTTPS for command and control.
APT41,T1574,Hijack Execution Flow,stealth;execution,C0017,SYSMON,SYSMON,,False,CAR-2013-01-002;CAR-2013-03-001;CAR-2013-04-002;CAR-2014-02-001;CAR-2014-07-001;CAR-2020-05-003;CAR-2021-11-001,APT41,"During C0017, APT41 established persistence by loading malicious libraries via modifications to the Import Address Table (IAT) within legitimate Microsoft binaries."
APT41,T1574.001,DLL,stealth;execution,G0096;C0040,SYSMON,SYSMON,,False,CAR-2021-11-001,APT41,"APT41 has used search order hijacking to execute malicious payloads, such as Winnti for Windows. APT41 has also used legitimate executables to perform DLL side-loading of their malware."
APT41,T1574.006,Dynamic Linker Hijacking,stealth;execution,G0096,OUT,OUT,,False,,APT41,APT41 has configured payloads to load via LD_PRELOAD.
APT41,T1583.007,Serverless,resource-development,C0040,CTI,CTI,,False,,APT41,APT41 DUST used infrastructure hosted behind Cloudflare or utilized Cloudflare Workers for command and control.
APT41,T1586.003,Cloud Accounts,resource-development,C0040,CTI,CTI,,False,,APT29;APT41,APT41 DUST used compromised Google Workspace accounts for command and control.
APT41,T1588.002,Tool,resource-development,G0096;C0017,CTI,CTI,,False,,APT29;APT41;TA505;Kimsuky;APT1,"APT41 has obtained and used tools such as Mimikatz, pwdump, PowerSploit, and Windows Credential Editor."
APT41,T1588.003,Code Signing Certificates,resource-development,C0040,CTI,CTI,,False,,APT41;Kimsuky,APT41 DUST used stolen code signing certificates to sign DUSTTRAP malware and components.
APT41,T1593.002,Search Engines,reconnaissance,C0040,CTI,CTI,,False,,APT41;Kimsuky,APT41 DUST involved use of search engines to research victim servers.
APT41,T1594,Search Victim-Owned Websites,reconnaissance,C0040,CTI,CTI,,False,,APT41;Kimsuky,APT41 DUST involved access of external victim websites for target development.
APT41,T1595.002,Vulnerability Scanning,reconnaissance,G0096,CTI,CTI,,False,,APT29;APT41,"APT41 used the Acunetix SQL injection vulnerability scanner in target reconnaissance operations, as well as the JexBoss tool to identify vulnerabilities in Java applications."
APT41,T1595.003,Wordlist Scanning,reconnaissance,G0096,CTI,CTI,,False,,APT41,APT41 leverages various tools and frameworks to brute-force directories on web servers.
APT41,T1596.005,Scan Databases,reconnaissance,G0096;C0040,CTI,CTI,,False,,APT41,"APT41 uses the Chinese website fofa.su, similar to the Shodan scanning service, for passive scanning of victims."
APT41,T1599,Network Boundary Bridging,defense-impairment,G0096,OUT,OUT,,False,,APT41,APT41 used `NATBypass` to bypass firewall restrictions and to access compromised systems via RDP.
APT41,T1680,Local Storage Discovery,discovery,C0017,DATA,DATA,,False,,APT29;APT41;Kimsuky,"During C0017, APT41 issued `ping -n 1 ((cmd /c dir c:\|findstr Number).split()[-1]+` commands to find the volume serial number of compromised systems."
APT41,T1684.001,Impersonation,stealth,G0096,DATA,DATA,,False,,APT41;Kimsuky,APT41 impersonated an employee at a video game developer company to send phishing emails.
APT41,T1685,Disable or Modify Tools,defense-impairment,G0096,SYSMON,SYSMON,,False,CAR-2013-04-002;CAR-2016-04-003;CAR-2020-09-003;CAR-2021-01-007;CAR-2022-03-001,APT29;APT41;TA505;Kimsuky,"APT41 developed a custom injector that enables an Event Tracing for Windows (ETW) bypass, making malicious processes invisible to Windows logging."
APT41,T1685.005,Clear Windows Event Logs,defense-impairment,G0096,DATA,DATA,,False,CAR-2016-04-002;CAR-2021-01-003,APT41,APT41 attempted to remove evidence of some of its activity by clearing Windows security and system events.
TA505,T1027.002,Software Packing,stealth,G0092,DATA,DATA,,False,,APT29;APT41;TA505;Kimsuky,TA505 has used UPX to obscure malicious code.
TA505,T1027.010,Command Obfuscation,stealth,G0092,DATA,DATA,,False,,TA505;Kimsuky,TA505 has used base64 encoded PowerShell commands.
TA505,T1027.013,Encrypted/Encoded File,stealth,G0092,SYSMON,SYSMON,,False,,APT41;TA505;Kimsuky,TA505 has password-protected malicious Word documents.
TA505,T1055.001,Dynamic-link Library Injection,stealth;privilege-escalation,G0092,SYSMON,SYSMON,,False,CAR-2013-10-002;CAR-2020-11-003,TA505;Kimsuky,TA505 has been seen injecting a DLL into winword.exe.
TA505,T1059.001,PowerShell,execution,G0092,HUNT,DATA,W5-H1,False,CAR-2014-04-003;CAR-2014-11-004,APT29;APT41;TA505;Kimsuky;Amadey,TA505 has used PowerShell to download and execute malware and reconnaissance scripts.
TA505,T1059.003,Windows Command Shell,execution,G0092,SYSMON,SYSMON,,False,CAR-2013-02-003;CAR-2014-11-002,APT29;APT41;TA505;Kimsuky;APT1,TA505 has executed commands using <code>cmd.exe</code>.
TA505,T1059.005,Visual Basic,execution,G0092,DATA,DATA,,False,CAR-2013-04-002,APT29;TA505;Kimsuky,TA505 has used VBS for code execution.
TA505,T1059.007,JavaScript,execution,G0092,HUNT,SYSMON,W5-H1,False,,APT41;TA505;Kimsuky;Amadey,TA505 has used JavaScript for code execution.
TA505,T1069,Permission Groups Discovery,discovery,G0092,DATA,DATA,,False,CAR-2013-04-002;CAR-2016-03-001;CAR-2020-11-006,APT29;APT41;TA505,TA505 has used TinyMet to enumerate members of privileged groups. TA505 has also run <code>net group /domain</code>.
TA505,T1071.001,Web Protocols,command-and-control,G0092,SYSMON,SYSMON,W3-C2-POST,True,,APT29;APT41;TA505;Kimsuky;Amadey,TA505 has used HTTP to communicate with C2 nodes.
TA505,T1078.002,Domain Accounts,stealth;persistence;privilege-escalation;initial-access,G0092,DATA,DATA,,False,CAR-2013-02-008;CAR-2013-02-012;CAR-2013-05-003;CAR-2013-05-005;CAR-2013-10-001,APT29;TA505,TA505 has used stolen domain admin accounts to compromise additional hosts.
TA505,T1087.003,Email Account,discovery,G0092,DATA,DATA,,False,,TA505,TA505 has used the tool EmailStealer to steal and send lists of e-mail addresses to a remote server.
TA505,T1105,Ingress Tool Transfer,command-and-control,G0092,HUNT,SYSMON,W5-H1,False,CAR-2013-07-001;CAR-2021-05-005;CAR-2021-05-006;CAR-2021-05-007,APT29;APT41;TA505;Kimsuky;Amadey,TA505 has downloaded additional malware to execute on victim systems.
TA505,T1106,Native API,execution,G0092,SYSMON,SYSMON,,False,,TA505;Kimsuky;Amadey,TA505 has deployed payloads that use Windows API calls on a compromised host.
TA505,T1112,Modify Registry,defense-impairment;persistence,G0092,DATA,DATA,W3-RDP-REG;W3-STARTUP-REG,True,CAR-2013-01-002;CAR-2013-03-001;CAR-2013-04-002;CAR-2014-11-005;CAR-2020-05-003;CAR-2021-11-001;CAR-2021-11-002;CAR-2021-12-002,APT41;TA505;Kimsuky;Amadey,TA505 has used malware to disable Windows Defender through modification of the Registry.
TA505,T1140,Deobfuscate/Decode Files or Information,stealth,G0092,SYSMON,SYSMON,,False,CAR-2021-05-009,APT29;APT41;TA505;Kimsuky;Amadey,TA505 has decrypted packed DLLs with an XOR key.
TA505,T1204.001,Malicious Link,execution,G0092,SYSMON,SYSMON,,False,,APT29;TA505;Kimsuky,"TA505 has used lures to get users to click links in emails and attachments. For example, TA505 makes their malware look like legitimate Microsoft Word documents, .pdf and/or .lnk files."
TA505,T1204.002,Malicious File,execution,G0092,SYSMON,SYSMON,W3-HEXEXE;W5-H2,True,CAR-2021-05-002,APT29;TA505;Kimsuky;Amadey,"TA505 has used lures to get users to enable content in malicious attachments and execute malicious files contained in archives. For example, TA505 makes their malware look like legitimate Microsoft Word documents, .pdf and/or .lnk files."
TA505,T1218.007,Msiexec,stealth,G0092,SYSMON,SYSMON,,False,,TA505,TA505 has used <code>msiexec</code> to download and execute malicious Windows Installer files.
TA505,T1218.011,Rundll32,stealth,G0092,SYSMON,SYSMON,W3-RUNDLL32,True,CAR-2014-03-006,APT29;APT41;TA505;Kimsuky;Amadey,TA505 has leveraged <code>rundll32.exe</code> to execute malicious DLLs.
TA505,T1486,Data Encrypted for Impact,impact,G0092,SYSMON,SYSMON,,False,,APT41;TA505;Amadey,"TA505 has used a wide variety of ransomware, such as Clop, Locky, Jaff, Bart, Philadelphia, and GlobeImposter, to encrypt victim files and demand a ransom payment."
TA505,T1552.001,Credentials In Files,credential-access,G0092,DATA,DATA,,False,CAR-2020-09-004,TA505;Kimsuky,TA505 has used malware to gather credentials from FTP clients and Outlook.
TA505,T1553.002,Code Signing,defense-impairment,G0092,DATA,DATA,,False,,APT29;APT41;TA505;Kimsuky,TA505 has signed payloads with code signing certificates from Thawte and Sectigo.
TA505,T1553.005,Mark-of-the-Web Bypass,defense-impairment,G0092,SYSMON,SYSMON,,False,,APT29;TA505;Amadey,TA505 has used .iso files to deploy malicious .lnk files.
TA505,T1555.003,Credentials from Web Browsers,credential-access,G0092,SYSMON,SYSMON,W3-RUNDLL32,True,,APT29;APT41;TA505;Kimsuky;Amadey,TA505 has used malware to gather credentials from Internet Explorer.
TA505,T1559.002,Dynamic Data Exchange,execution,G0092,SYSMON,SYSMON,,False,CAR-2021-01-006,TA505,TA505 has leveraged malicious Word documents that abused DDE.
TA505,T1566.001,Spearphishing Attachment,initial-access,G0092,SYSMON,SYSMON,,False,,APT29;APT41;TA505;Kimsuky;Amadey;APT1,TA505 has used spearphishing emails with malicious attachments to initially compromise victims.
TA505,T1566.002,Spearphishing Link,initial-access,G0092,SYSMON,SYSMON,,False,,APT29;TA505;Kimsuky;APT1,TA505 has sent spearphishing emails containing malicious links.
TA505,T1568.001,Fast Flux DNS,command-and-control,G0092,SYSMON,SYSMON,,False,,TA505;Amadey,TA505 has used fast flux to mask botnets by distributing payloads across multiple IPs.
TA505,T1583.001,Domains,resource-development,G0092,CTI,CTI,,False,,APT29;TA505;Kimsuky;Amadey;APT1,TA505 has registered domains to impersonate services such as Dropbox to distribute malware.
TA505,T1588.001,Malware,resource-development,G0092,CTI,CTI,,False,,TA505;Amadey;APT1,TA505 has used malware such as Azorult and Cobalt Strike in their operations.
TA505,T1588.002,Tool,resource-development,G0092,CTI,CTI,,False,,APT29;APT41;TA505;Kimsuky;APT1,"TA505 has used a variety of tools in their operations, including AdFind, BloodHound, Mimikatz, and PowerSploit."
TA505,T1608.001,Upload Malware,resource-development,G0092,CTI,CTI,,False,,TA505;Kimsuky;Amadey,TA505 has staged malware on actor-controlled domains.
TA505,T1685,Disable or Modify Tools,defense-impairment,G0092,SYSMON,SYSMON,,False,CAR-2013-04-002;CAR-2016-04-003;CAR-2020-09-003;CAR-2021-01-007;CAR-2022-03-001,APT29;APT41;TA505;Kimsuky,TA505 has used malware to disable Windows Defender.
Kimsuky,T1003.001,LSASS Memory,credential-access,G0094,SYSMON,SYSMON,,False,CAR-2013-07-001;CAR-2019-04-004;CAR-2019-07-002;CAR-2019-08-001;CAR-2021-05-011,APT41;Kimsuky;APT1,Kimsuky has gathered credentials using Mimikatz and ProcDump.
Kimsuky,T1005,Data from Local System,collection,G0094,DATA,DATA,,False,,APT29;APT41;Kimsuky;Amadey;APT1,"Kimsuky has collected Office, PDF, and HWP documents from its victims. Kimsuky has also harvested victim files through the use of the `RecentFiles()` function that collects paths of recently accessed files by parsing .lnk shortcuts from `%APPDATA%\Microsoft\Windows\Recent`."
Kimsuky,T1007,System Service Discovery,discovery,G0094,DATA,DATA,,False,CAR-2013-04-002;CAR-2016-03-001,Kimsuky;APT1,Kimsuky has used an instrumentor script to gather the names of all services running on a victim's system.
Kimsuky,T1012,Query Registry,discovery,G0094,DATA,DATA,,False,CAR-2013-03-001;CAR-2013-04-002;CAR-2020-05-003,APT41;Kimsuky,Kimsuky has obtained specific Registry keys and values on a compromised host.
Kimsuky,T1016,System Network Configuration Discovery,discovery,G0094,DATA,DATA,,False,CAR-2013-04-002;CAR-2016-03-001,APT41;Kimsuky;Amadey;APT1,Kimsuky has used `ipconfig/all` and web beacons sent via email to gather network configuration information. Kimsuky has also identified Host IP addresses leveraging the WMI class `Win32_NetworkAdapterConfiguration`.
Kimsuky,T1020,Automated Exfiltration,exfiltration,G0094,DATA,DATA,,False,,Kimsuky,Kimsuky has exfiltrated data to C2 servers using an automated script that executes every 10 minutes and after successful checks for the presence of pre-designated staged filenames.
Kimsuky,T1021.001,Remote Desktop Protocol,lateral-movement,G0094,HUNT,DATA,W3-RDP-REG;W5-H3,False,CAR-2013-07-002;CAR-2013-10-001;CAR-2016-04-005,APT29;APT41;Kimsuky;Amadey;APT1,Kimsuky has used RDP for direct remote point-and-click access.
Kimsuky,T1027,Obfuscated Files or Information,stealth,G0094,DATA,DATA,,False,,APT41;Kimsuky;Amadey,Kimsuky has obfuscated binary strings including the use of XOR encryption and Base64 encoding. Kimsuky has also modified the first byte of DLL implants targeting victims to prevent recognition of the executable file format. Kimsuky has obfuscated strings using Single Instruction Multiple Data …
Kimsuky,T1027.001,Binary Padding,stealth,G0094,SYSMON,SYSMON,,False,,APT29;Kimsuky,Kimsuky has performed padding of PowerShell command line code with over 100 spaces.
Kimsuky,T1027.002,Software Packing,stealth,G0094,DATA,DATA,,False,,APT29;APT41;TA505;Kimsuky,Kimsuky has packed malware with UPX.
Kimsuky,T1027.007,Dynamic API Resolution,stealth,G0094,SYSMON,SYSMON,,False,,Kimsuky,Kimsuky has leveraged dynamic API resolution using custom hashing techniques.
Kimsuky,T1027.010,Command Obfuscation,stealth,G0094,DATA,DATA,,False,,TA505;Kimsuky,Kimsuky has encoded malicious PowerShell scripts using Base64.
Kimsuky,T1027.012,LNK Icon Smuggling,stealth,G0094,SYSMON,SYSMON,,False,,Kimsuky,Kimsuky has used the LNK icon location to execute malicious scripts. Kimsuky has also padded the LNK target field properties with extra spaces to obscure the script.
Kimsuky,T1027.013,Encrypted/Encoded File,stealth,G0094,SYSMON,SYSMON,,False,,APT41;TA505;Kimsuky,Kimsuky has obfuscated code within files by converting hexadecimal strings to decimal numbers using the `CLng function` in combination with processing arithmetic operations and leveraging the `Chr function` to generate readable characters. Kimsuky has also encoded files with Base64 and RC4. …
Kimsuky,T1027.015,Compression,stealth,G0094,DATA,DATA,,False,,Kimsuky,Kimsuky has delivered malicious payloads within Zip archives.
Kimsuky,T1027.016,Junk Code Insertion,stealth,G0094,SYSMON,SYSMON,,False,,Kimsuky,Kimsuky has obfuscated code by filling scripts with junk code and concatenating strings to hamper analysis and detection.
Kimsuky,T1033,System Owner/User Discovery,discovery,G0094,DATA,DATA,,False,CAR-2013-04-002;CAR-2016-03-001,APT41;Kimsuky;Amadey,Kimsuky has gathered the identity of the user by querying `System.Security.Principal` namespace using the `GetCurrent()` method.
Kimsuky,T1036.004,Masquerade Task or Service,stealth,G0094,DATA,DATA,,False,,APT29;APT41;Kimsuky,Kimsuky has disguised services to appear as benign software or related to operating system functions.
Kimsuky,T1036.005,Match Legitimate Resource Name or Location,stealth,G0094,DATA,DATA,,False,CAR-2021-04-001,APT29;APT41;Kimsuky;APT1,Kimsuky has renamed malware to legitimate names such as <code>ESTCommon.dll</code> or <code>patch.dll</code>. Kimsuky has also disguised payloads using legitimate file names including a PowerShell payload named chrome.ps1. Kimsuky has also used a malicious QR code that masqueraded as a legitimate …
Kimsuky,T1036.007,Double File Extension,stealth,G0094,DATA,DATA,,False,,Kimsuky,Kimsuky has used an additional filename extension to hide the true file type. Kimsuky has also masqueraded malicious LNK files as PDF objects using the double extension .pdf.lnk.
Kimsuky,T1040,Network Sniffing,credential-access;discovery,G0094,DATA,DATA,,False,CAR-2020-11-002,Kimsuky,Kimsuky has used the Nirsoft SniffPass network sniffer to obtain passwords sent over non-secure protocols.
Kimsuky,T1041,Exfiltration Over C2 Channel,exfiltration,G0094,SYSMON,SYSMON,,False,,APT41;Kimsuky;Amadey,Kimsuky has exfiltrated data over its C2 channel.
Kimsuky,T1053.005,Scheduled Task,execution;persistence;privilege-escalation,G0094,RULE,DATA,W3-SCHTASKS;W5-H2;W7-CAR-TASK;W7-CAR-PROC,False,CAR-2013-01-002;CAR-2013-04-002;CAR-2013-08-001;CAR-2015-04-002;CAR-2020-09-001;CAR-2021-12-001,APT29;APT41;Kimsuky;Amadey,"Kimsuky has downloaded additional malware with scheduled tasks. Kimsuky has established persistence by creating a scheduled task named “ChromeUpdateTaskMachine” through the PowerShell cmdlet `Register-ScheduleTask` which was set to execute another PowerShell script once, then five minutes after …"
Kimsuky,T1055,Process Injection,stealth;privilege-escalation,G0094,SYSMON,SYSMON,,False,CAR-2013-10-002;CAR-2020-11-003;CAR-2020-11-004,APT41;Kimsuky,Kimsuky has used Win7Elevate to inject malicious code into explorer.exe.
Kimsuky,T1055.001,Dynamic-link Library Injection,stealth;privilege-escalation,G0094,SYSMON,SYSMON,,False,CAR-2013-10-002;CAR-2020-11-003,TA505;Kimsuky,"Kimsuky has the ability to load DLLs via reflective injection by allocating memory using `VirtualAllocEx()`, then decrypting a DLL with `WriteProcessMemory()` and invoking execution through `CreateRemoteThread()`."
Kimsuky,T1055.012,Process Hollowing,stealth;privilege-escalation,G0094,SYSMON,SYSMON,,False,CAR-2020-11-004,Kimsuky,Kimsuky has used a file injector DLL to spawn a benign process on the victim's system and inject the malicious payload into it via process hollowing.
Kimsuky,T1056.001,Keylogging,collection;credential-access,G0094,SYSMON,SYSMON,,False,,APT41;Kimsuky,Kimsuky has used a PowerShell-based keylogger as well as a tool called MECHANICAL to log keystrokes. Kimsuky has also leveraged Native Windows API functions such as `GetAsyncKeyState()` along with others to capture keystrokes every 50 milliseconds and stores data in a file stored in the temp …
Kimsuky,T1056.003,Web Portal Capture,collection;credential-access,G0094,SYSMON,SYSMON,,False,,Kimsuky,Kimsuky has collected credentials from a fake Google account login page.
Kimsuky,T1057,Process Discovery,discovery,G0094,DATA,DATA,,False,CAR-2013-04-002;CAR-2016-03-001,APT29;Kimsuky;APT1,Kimsuky can gather a list of all processes running on a victim's machine. Kimsuky has also obtained running processes on the victim device utilizing PowerShell cmdlet `Get-Process`.
Kimsuky,T1059.001,PowerShell,execution,G0094,HUNT,DATA,W5-H1,False,CAR-2014-04-003;CAR-2014-11-004,APT29;APT41;TA505;Kimsuky;Amadey,"Kimsuky has executed a variety of PowerShell scripts including Invoke-Mimikatz. Kimsuky has also utilized PowerShell scripts for execution, persistence, and defense evasion. Kimsuky has leveraged PowerShell’s cmdlet `Expand-Archive` to extract contents of zip files into the same directory. Kimsuky …"
Kimsuky,T1059.003,Windows Command Shell,execution,G0094,SYSMON,SYSMON,,False,CAR-2013-02-003;CAR-2014-11-002,APT29;APT41;TA505;Kimsuky;APT1,Kimsuky has executed Windows commands by using `cmd` and running batch scripts. Kimsuky has also used `cmd.exe` to automatically open downloaded decoy pdf documents with the system’s default PDF viewer. Kimsuky has utilized malicious payloads to create reverse shells within the victim environment. …
Kimsuky,T1059.005,Visual Basic,execution,G0094,DATA,DATA,,False,CAR-2013-04-002,APT29;TA505;Kimsuky,Kimsuky has used Visual Basic to download malicious payloads. Kimsuky has also used malicious VBA macros within maldocs disguised as forms that trigger when a victim types any content into the lure. Kimsuky has also leveraged VBScript (VBS) scripts to execute temp.vbs every 19 minutes using a …
Kimsuky,T1059.006,Python,execution,G0094,DATA,DATA,,False,,APT29;Kimsuky,Kimsuky has used a macOS Python implant to gather data as well as MailFetcher.py code to automatically collect email data.
Kimsuky,T1059.007,JavaScript,execution,G0094,HUNT,SYSMON,W5-H1,False,,APT41;TA505;Kimsuky;Amadey,"Kimsuky has used JScript for logging and downloading additional tools. Kimsuky has used TRANSLATEXT, which contained four Javascript files for bypassing defenses, collecting sensitive information and screenshots, and exfiltrating data."
Kimsuky,T1070.004,File Deletion,stealth,G0094,SYSMON,SYSMON,,False,,APT29;APT41;Kimsuky,Kimsuky has deleted the exfiltrated data on disk after transmission. Kimsuky has also used an instrumentor script to terminate browser processes running on an infected system and then delete the cookie files on disk. Kimsuky has deleted files using the `Remove-Item` PowerShell commandlet to remove …
Kimsuky,T1070.006,Timestomp,stealth,G0094,BLIND,BLIND,,False,,APT29;Kimsuky,Kimsuky has manipulated timestamps for creation or compilation dates to defeat anti-forensics.
Kimsuky,T1071.001,Web Protocols,command-and-control,G0094,SYSMON,SYSMON,W3-C2-POST,True,,APT29;APT41;TA505;Kimsuky;Amadey,Kimsuky has used HTTP GET and POST requests for C2.
Kimsuky,T1071.002,File Transfer Protocols,command-and-control,G0094,SYSMON,SYSMON,,False,,APT41;Kimsuky,Kimsuky has used FTP to download additional malware to the target machine.
Kimsuky,T1071.003,Mail Protocols,command-and-control,G0094,SYSMON,SYSMON,,False,,Kimsuky,Kimsuky has used e-mail to send exfiltrated data to C2 servers.
Kimsuky,T1074.001,Local Data Staging,collection,G0094,SYSMON,SYSMON,,False,,APT41;Kimsuky,Kimsuky has staged collected data files under <code>C:\Program Files\Common Files\System\Ole DB\</code>. Kimsuky has also gathered data in structured directories prior to exfiltration under the %TEMP% environment variable.
Kimsuky,T1078.003,Local Accounts,stealth;persistence;privilege-escalation;initial-access,G0094,DATA,DATA,,False,CAR-2013-02-008;CAR-2013-02-012;CAR-2013-05-003;CAR-2013-05-005;CAR-2013-10-001,APT29;Kimsuky,Kimsuky has used a tool called GREASE to add a Windows admin account in order to allow them continued access via RDP.
Kimsuky,T1082,System Information Discovery,discovery,G0094,DATA,DATA,,False,CAR-2013-04-002;CAR-2016-03-001,APT41;Kimsuky;Amadey,"Kimsuky has enumerated OS type, OS version, and other information using a script or the ""systeminfo"" command. Kimsuky has also obtained system information such as OS type, OS version, and system type through querying various Windows Management Instrumentation (WMI) classes including …"
Kimsuky,T1083,File and Directory Discovery,discovery,G0094,DATA,DATA,,False,,APT29;APT41;Kimsuky;Amadey,"Kimsuky has the ability to enumerate all files and directories on an infected system. Kimsuky has used a custom script with a function called CreateFileList() that can scan all filesystem drives, prioritizing C:\Users, to locate files and file extensions of interest that ultimately generates a …"
Kimsuky,T1098.007,Additional Local or Domain Groups,persistence;privilege-escalation,G0094,DATA,DATA,,False,,APT41;Kimsuky,Kimsuky has added accounts to specific groups with <code>net localgroup</code>.
Kimsuky,T1102.001,Dead Drop Resolver,command-and-control,G0094,SYSMON,SYSMON,,False,,APT41;Kimsuky,Kimsuky has used TRANSLATEXT and a dead drop resolver to retrieve configurations and commands from a public blog site.
Kimsuky,T1102.002,Bidirectional Communication,command-and-control,G0094,SYSMON,SYSMON,,False,,APT29;Kimsuky,Kimsuky has used Blogspot pages and a Github repository for C2. Kimsuky has also leveraged Dropbox for downloading payloads and uploading victim system information.
Kimsuky,T1105,Ingress Tool Transfer,command-and-control,G0094,HUNT,SYSMON,W5-H1,False,CAR-2013-07-001;CAR-2021-05-005;CAR-2021-05-006;CAR-2021-05-007,APT29;APT41;TA505;Kimsuky;Amadey,"Kimsuky has downloaded additional scripts, tools, and malware onto victim systems."
Kimsuky,T1106,Native API,execution,G0094,SYSMON,SYSMON,,False,,TA505;Kimsuky;Amadey,Kimsuky has utilized Native APIs to collect data from victim hosts and facilitate execution of malicious scripts.
Kimsuky,T1111,Multi-Factor Authentication Interception,credential-access,G0094,SYSMON,SYSMON,,False,,Kimsuky,Kimsuky has used a proprietary tool to intercept one time passwords required for two-factor authentication.
Kimsuky,T1112,Modify Registry,defense-impairment;persistence,G0094,DATA,DATA,W3-RDP-REG;W3-STARTUP-REG,True,CAR-2013-01-002;CAR-2013-03-001;CAR-2013-04-002;CAR-2014-11-005;CAR-2020-05-003;CAR-2021-11-001;CAR-2021-11-002;CAR-2021-12-002,APT41;TA505;Kimsuky;Amadey,Kimsuky has modified Registry settings for default file associations to enable all macros and for persistence. Kimsuky has also modified the registry entry for `HKCU:\Software\Microsoft\Windows\CurrentVersion\Run` registry key for persistence with the name WindowsSecurityCheck.
Kimsuky,T1113,Screen Capture,collection,G0094,DATA,DATA,,False,,Kimsuky;Amadey,Kimsuky has captured browser screenshots using TRANSLATEXT. Kimsuky has also obtained screen captures with custom malware.
Kimsuky,T1114.002,Remote Email Collection,collection,G0094,SYSMON,SYSMON,,False,,APT29;Kimsuky;APT1,Kimsuky has used tools such as the MailFetch mail crawler to collect victim emails (excluding spam) from online services via IMAP.
Kimsuky,T1114.003,Email Forwarding Rule,collection,G0094,DATA,DATA,,False,,Kimsuky,Kimsuky has set auto-forward rules on victim's e-mail accounts.
Kimsuky,T1115,Clipboard Data,collection,G0094,DATA,DATA,W3-RUNDLL32,True,,Kimsuky;Amadey,Kimsuky has the ability to steal data from the clipboard.
Kimsuky,T1124,System Time Discovery,discovery,G0094,SYSMON,SYSMON,,False,,Kimsuky,Kimsuky has gathered the system time of the device using the PowerShell cmdlet `Get-Date`.
Kimsuky,T1132.002,Non-Standard Encoding,command-and-control,G0094,DATA,DATA,,False,,Kimsuky,"Kimsuky has obfuscated HTTP Post request communications utilizing XOR with a designated key, followed by Base64 encoding."
Kimsuky,T1133,External Remote Services,persistence;initial-access,G0094,DATA,DATA,,False,,APT29;APT41;Kimsuky,Kimsuky has used RDP to establish persistence.
Kimsuky,T1136.001,Local Account,persistence,G0094,HUNT,DATA,W5-H3,False,CAR-2021-05-010,APT41;Kimsuky;Amadey,Kimsuky has created accounts with <code>net user</code>.
Kimsuky,T1140,Deobfuscate/Decode Files or Information,stealth,G0094,SYSMON,SYSMON,,False,CAR-2021-05-009,APT29;APT41;TA505;Kimsuky;Amadey,Kimsuky has decoded malicious VBScripts using Base64. Kimsuky has also decoded malicious PowerShell scripts using Base64. Kimsuky has decoded RC4 obfuscated files prior to downloading files from their infrastructure.
Kimsuky,T1176.001,Browser Extensions,persistence,G0094,SYSMON,SYSMON,,False,,Kimsuky,Kimsuky has used Google Chrome browser extensions to infect victims and to steal passwords and cookies.
Kimsuky,T1185,Browser Session Hijacking,collection,G0094,SYSMON,SYSMON,,False,,Kimsuky,Kimsuky has the ability to use form-grabbing to extract emails and passwords from web data forms.
Kimsuky,T1190,Exploit Public-Facing Application,initial-access,G0094,SYSMON,SYSMON,,False,,APT29;APT41;Kimsuky,"Kimsuky has exploited various vulnerabilities for initial access, including Microsoft Exchange vulnerability CVE-2020-0688."
Kimsuky,T1204.001,Malicious Link,execution,G0094,SYSMON,SYSMON,,False,,APT29;TA505;Kimsuky,Kimsuky has lured victims into clicking malicious links.
Kimsuky,T1204.002,Malicious File,execution,G0094,SYSMON,SYSMON,W3-HEXEXE;W5-H2,True,CAR-2021-05-002,APT29;TA505;Kimsuky;Amadey,"Kimsuky has used spearphishing attachments to entice victims into opening malicious files, including LNK files disguised with tailored filenames and fake extensions. Kimsuky has also delivered malicious payloads within archive files (e.g., ZIP), which display decoy documents upon execution while …"
Kimsuky,T1204.004,Malicious Copy and Paste,execution,G0094,SYSMON,SYSMON,,False,,Kimsuky,Kimsuky has leveraged ClickFix type tactics enticing victims to copy and paste malicious code.
Kimsuky,T1205,Traffic Signaling,stealth;persistence;command-and-control,G0094,DATA,DATA,,False,,Kimsuky,"Kimsuky has used TRANSLATEXT to redirect clients to legitimate Gmail, Naver or Kakao pages if the clients connect with no parameters."
Kimsuky,T1217,Browser Information Discovery,discovery,G0094,DATA,DATA,,False,,Kimsuky,"Kimsuky has collected sensitive browser data using the function `GetBrowserData()` to include login credentials, bookmarks, cookies, and encryption keys."
Kimsuky,T1218.005,Mshta,stealth,G0094,HUNT,SYSMON,W5-H1,False,,APT29;Kimsuky;Amadey,Kimsuky has used mshta.exe to run malicious scripts on the system.
Kimsuky,T1218.010,Regsvr32,stealth,G0094,SYSMON,SYSMON,,False,CAR-2019-04-002;CAR-2019-04-003,Kimsuky,Kimsuky has executed malware with <code>regsvr32s</code>.
Kimsuky,T1218.011,Rundll32,stealth,G0094,SYSMON,SYSMON,W3-RUNDLL32,True,CAR-2014-03-006,APT29;APT41;TA505;Kimsuky;Amadey,Kimsuky has used `rundll32.exe` to execute malicious scripts and malware on a victim's network.
Kimsuky,T1219.002,Remote Desktop Software,command-and-control,G0094,SYSMON,SYSMON,,False,,Kimsuky,Kimsuky has used a modified TeamViewer client as a command and control channel.
Kimsuky,T1480.002,Mutual Exclusion,stealth,G0094,DATA,DATA,,False,,Kimsuky,Kimsuky has utilized a mutex to detect whether its malware is actively running on the victim host. Kimsuky has leveraged PowerShell to store the Process ID (PID) of the currently running malicious PowerShell script into a file named pid.txt which is saved locally on the victim host in the %TEMP% …
Kimsuky,T1489,Service Stop,impact,G0094,DATA,DATA,,False,,Kimsuky,"Kimsuky has disabled actively running virtual environments using the `KillMe` function to include VMware, Microsoft Hypervisors, and VirtualBox."
Kimsuky,T1497.001,System Checks,stealth;discovery,G0094,SYSMON,SYSMON,,False,,Kimsuky,"Kimsuky has detected and killed virtual environments by using the PowerShell cmdlet `Get-CimInstance` that searches the classname of the computer system manufacturer through an if statement of `if($computerSystem.Manufacturer -match ""VMware"" -or $computerSystem.Manufacturer -match ""Microsoft"" -or …"
Kimsuky,T1505.003,Web Shell,persistence,G0094,DATA,DATA,,False,CAR-2021-02-001,APT29;APT41;Kimsuky,"Kimsuky has used modified versions of open source PHP web shells to maintain access, often adding ""Dinosaur"" references within the code."
Kimsuky,T1518.001,Security Software Discovery,discovery,G0094,DATA,DATA,,False,CAR-2013-04-002,Kimsuky;Amadey,Kimsuky has checked for the presence of antivirus software with <code>powershell Get-CimInstance -Namespace root/securityCenter2 – classname antivirusproduct</code>. Kimsuky has also obtained details on antivirus software through WMI queries using `Win32_OperatingSystem` and …
Kimsuky,T1534,Internal Spearphishing,lateral-movement,G0094,DATA,DATA,,False,,Kimsuky,Kimsuky has sent internal spearphishing emails for lateral movement after stealing victim information.
Kimsuky,T1539,Steal Web Session Cookie,credential-access,G0094,SYSMON,SYSMON,,False,,APT29;Kimsuky,"Kimsuky has used malware, such as TRANSLATEXT, to steal and exfiltrate browser cookies."
Kimsuky,T1543.003,Windows Service,persistence;privilege-escalation,G0094,SYSMON,SYSMON,,False,CAR-2013-01-002;CAR-2013-04-002;CAR-2013-09-005;CAR-2014-02-001;CAR-2014-03-005;CAR-2014-05-002,APT41;Kimsuky,Kimsuky has created new services for persistence.
Kimsuky,T1546.001,Change Default File Association,privilege-escalation;persistence,G0094,DATA,DATA,,False,CAR-2013-01-002,Kimsuky,Kimsuky has a HWP document stealer module which changes the default program association in the registry to open HWP documents.
Kimsuky,T1547.001,Registry Run Keys / Startup Folder,persistence;privilege-escalation,G0094,SYSMON,SYSMON,W3-STARTUP-REG,True,CAR-2013-01-002;CAR-2013-03-001;CAR-2020-05-003;CAR-2021-12-002,APT29;APT41;Kimsuky;Amadey,Kimsuky has placed scripts in the startup folder for persistence and modified the `HKEY_CURRENT_USER\Software\Microsoft\Windows\CurrentVersion\RunOnce` Registry key.
Kimsuky,T1550.002,Pass the Hash,lateral-movement,G0094,DATA,DATA,,False,CAR-2016-04-004,APT41;Kimsuky;APT1,Kimsuky has used pass the hash for authentication to remote access software used in C2.
Kimsuky,T1552.001,Credentials In Files,credential-access,G0094,DATA,DATA,,False,CAR-2020-09-004,TA505;Kimsuky,Kimsuky has used tools that are capable of obtaining credentials from saved mail.
Kimsuky,T1552.004,Private Keys,credential-access,G0094,SYSMON,SYSMON,,False,,APT29;Kimsuky,Kimsuky has accessed a Local State files associated with Chromium-based browsers that contain the AES key used to encrypt passwords stored in the browser to include `app_bound_encrypted_key`.
Kimsuky,T1553.002,Code Signing,defense-impairment,G0094,DATA,DATA,,False,,APT29;APT41;TA505;Kimsuky,"Kimsuky has signed files with the name EGIS CO,. Ltd. and has stolen a valid certificate that is used to sign the malware and the dropper."
Kimsuky,T1555.003,Credentials from Web Browsers,credential-access,G0094,SYSMON,SYSMON,W3-RUNDLL32,True,,APT29;APT41;TA505;Kimsuky;Amadey,Kimsuky has used browser extensions including Google Chrome to steal passwords and cookies from browsers. Kimsuky has also used Nirsoft's WebBrowserPassView tool to dump the passwords obtained from victims.
Kimsuky,T1557,Adversary-in-the-Middle,credential-access;collection,G0094,SYSMON,SYSMON,,False,,Kimsuky,Kimsuky has used modified versions of PHProxy to examine web traffic between the victim and the accessed website.
Kimsuky,T1559.001,Component Object Model,execution,G0094,SYSMON,SYSMON,,False,,Kimsuky,Kimsuky has leveraged Component Object Model (COM) to create scheduled tasks to include using naming conventions that mimic legitimate applications. Kimsuky has leveraged obfuscation VBScript to form a string in `WScript.Shell` which has downloaded a malicious payload to the victim environment.
Kimsuky,T1560.001,Archive via Utility,collection,G0094,SYSMON,SYSMON,,False,CAR-2013-07-005,APT29;APT41;Kimsuky;APT1,"Kimsuky has used QuickZip to archive stolen files before exfiltration. Kimsuky has used the Send() function to compress all collected data into a zip file named init,.zip, then renames it to init.dat, before exfiltration."
Kimsuky,T1560.003,Archive via Custom Method,collection,G0094,SYSMON,SYSMON,,False,,APT41;Kimsuky,Kimsuky has used RC4 encryption before exfil.
Kimsuky,T1564.002,Hidden Users,stealth,G0094,DATA,DATA,,False,,Kimsuky,Kimsuky has run <code>reg add ‘HKLM\SOFTWARE\Microsoft\Windows NT\CurrentVersion\Winlogon\SpecialAccounts\UserList’ /v</code> to hide a newly created user.
Kimsuky,T1564.003,Hidden Window,stealth,G0094,DATA,DATA,,False,,Kimsuky,Kimsuky has used an information gathering module that will hide an AV software window from the victim. Kimsuky has also been known to use `-WindowStyle Hidden` to conceal PowerShell windows.
Kimsuky,T1564.011,Ignore Process Interrupts,stealth,G0094,DATA,DATA,,False,,Kimsuky,Kimsuky has leveraged the PowerShell `-ErrorAction SilentlyContinue` command to continue execution through system events.
Kimsuky,T1566,Phishing,initial-access,G0094,SYSMON,SYSMON,,False,,Kimsuky,Kimsuky has used spearphishing to gain initial access and intelligence.
Kimsuky,T1566.001,Spearphishing Attachment,initial-access,G0094,SYSMON,SYSMON,,False,,APT29;APT41;TA505;Kimsuky;Amadey;APT1,"Kimsuky has used emails containing Word, Excel and/or HWP (Hangul Word Processor) documents in their spearphishing campaigns. Kimsuky has also distributed emails with attached compressed zip files that contained malicious .LNK files masquerading as legitimate files. Kimsuky has delivered tailored …"
Kimsuky,T1566.002,Spearphishing Link,initial-access,G0094,SYSMON,SYSMON,,False,,APT29;TA505;Kimsuky;APT1,Kimsuky has sent spearphishing emails containing a link to a document that contained malicious macros or took the victim to an actor-controlled domain.
Kimsuky,T1567.002,Exfiltration to Cloud Storage,exfiltration,G0094,SYSMON,SYSMON,,False,,APT41;Kimsuky,Kimsuky has exfiltrated stolen files and data to actor-controlled Blogspot accounts. Kimsuky has also leveraged Dropbox for uploading victim system information.
Kimsuky,T1568,Dynamic Resolution,command-and-control,G0094,DATA,DATA,,False,,APT29;Kimsuky,"Kimsuky has used Dynamic DNS (DDNS) services, such as FreeDNS or No-IP DDNS, to include servers located in South Korea."
Kimsuky,T1583,Acquire Infrastructure,resource-development,G0094,CTI,CTI,,False,,Kimsuky,Kimsuky has used funds from stolen and laundered cryptocurrency to acquire operational infrastructure.
Kimsuky,T1583.001,Domains,resource-development,G0094,CTI,CTI,,False,,APT29;TA505;Kimsuky;Amadey;APT1,"Kimsuky has registered domains to spoof targeted organizations and trusted third parties including search engines, web platforms, and cryptocurrency exchanges."
Kimsuky,T1583.004,Server,resource-development,G0094,CTI,CTI,,False,,Kimsuky,Kimsuky has purchased hosting servers with virtual currency and prepaid cards.
Kimsuky,T1583.006,Web Services,resource-development,G0094,CTI,CTI,,False,,APT29;Kimsuky,Kimsuky has hosted content used for targeting efforts via web services such as Blogspot. Kimsuky has also leveraged Dropbox for hosting payloads and uploading victim system information.
Kimsuky,T1584.001,Domains,resource-development,G0094,CTI,CTI,,False,,APT29;Kimsuky;APT1,Kimsuky has compromised legitimate sites and used them to distribute malware.
Kimsuky,T1585,Establish Accounts,resource-development,G0094,CTI,CTI,,False,,Kimsuky,Kimsuky has leveraged stolen PII to create accounts.
Kimsuky,T1585.001,Social Media Accounts,resource-development,G0094,CTI,CTI,,False,,APT29;Kimsuky,Kimsuky has created social media accounts to monitor news and security trends as well as potential targets.
Kimsuky,T1585.002,Email Accounts,resource-development,G0094,CTI,CTI,,False,,Kimsuky;APT1,Kimsuky has created email accounts for phishing operations.
Kimsuky,T1586.002,Email Accounts,resource-development,G0094,CTI,CTI,,False,,APT29;Kimsuky,Kimsuky has compromised email accounts to send spearphishing e-mails.
Kimsuky,T1587,Develop Capabilities,resource-development,G0094,CTI,CTI,,False,,Kimsuky,Kimsuky created and used a mailing toolkit to use in spearphishing attacks.
Kimsuky,T1587.001,Malware,resource-development,G0094,CTI,CTI,,False,,APT29;Kimsuky;Amadey,Kimsuky has developed its own unique malware such as MailFetch.py for use in operations.
Kimsuky,T1588.002,Tool,resource-development,G0094,CTI,CTI,,False,,APT29;APT41;TA505;Kimsuky;APT1,"Kimsuky has obtained and used tools such as Nirsoft WebBrowserPassVIew, Mimikatz, and PsExec."
Kimsuky,T1588.003,Code Signing Certificates,resource-development,G0094,CTI,CTI,,False,,APT41;Kimsuky,Kimsuky has stolen a valid certificate that is used to sign the malware and the dropper.
Kimsuky,T1588.005,Exploits,resource-development,G0094,CTI,CTI,,False,,Kimsuky,Kimsuky has obtained exploit code for various CVEs.
Kimsuky,T1589.002,Email Addresses,reconnaissance,G0094,CTI,CTI,,False,,Kimsuky,Kimsuky has collected valid email addresses including personal accounts that were subsequently used for spearphishing and other forms of social engineering.
Kimsuky,T1589.003,Employee Names,reconnaissance,G0094,CTI,CTI,,False,,Kimsuky,Kimsuky has collected victim employee name information.
Kimsuky,T1591,Gather Victim Org Information,reconnaissance,G0094,CTI,CTI,,False,,Kimsuky;Amadey,"Kimsuky has collected victim organization information including but not limited to organization hierarchy, functions, press releases, and others. Kimsuky has also used large language models (LLMs) to gather information about potential targets of interest."
Kimsuky,T1593.001,Social Media,reconnaissance,G0094,CTI,CTI,,False,,Kimsuky,Kimsuky has used Twitter to monitor potential victims and to prepare targeted phishing e-mails.
Kimsuky,T1593.002,Search Engines,reconnaissance,G0094,CTI,CTI,,False,,APT41;Kimsuky,"Kimsuky has searched for vulnerabilities, tools, and geopolitical trends on Google to target victims."
Kimsuky,T1594,Search Victim-Owned Websites,reconnaissance,G0094,CTI,CTI,,False,,APT41;Kimsuky,Kimsuky has searched for information on the target company's website.
Kimsuky,T1596,Search Open Technical Databases,reconnaissance,G0094,CTI,CTI,,False,,Kimsuky,Kimsuky has used LLMs to better understand publicly reported vulnerabilities.
Kimsuky,T1598,Phishing for Information,reconnaissance,G0094,CTI,CTI,,False,,Kimsuky,Kimsuky has used tailored spearphishing emails to gather victim information including contat lists to identify additional targets.
Kimsuky,T1598.003,Spearphishing Link,reconnaissance,G0094,CTI,CTI,,False,,Kimsuky,Kimsuky has used links in e-mail to steal account information including web beacons for target profiling. Kimsuky has also utilized QR codes (also known as Quishing) to direct victims to malicious links through the reliance of a mobile device to scan a code with an embedded malicious URL.
Kimsuky,T1608.001,Upload Malware,resource-development,G0094,CTI,CTI,,False,,TA505;Kimsuky;Amadey,"Kimsuky has used compromised and acquired infrastructure to host and deliver malware including Blogspot to host beacons, file exfiltrators, and implants. Kimsuky has also hosted malicious payloads on Dropbox."
Kimsuky,T1620,Reflective Code Loading,stealth,G0094,SYSMON,SYSMON,,False,,Kimsuky,Kimsuky has used the Invoke-Mimikatz PowerShell script to reflectively load a Mimikatz credential stealing DLL into memory. Kimsuky has also used reflective loading through .NET assembly using `[System.Reflection.Assembly]::Load`.
Kimsuky,T1657,Financial Theft,impact,G0094,DATA,DATA,,False,,Kimsuky,Kimsuky has stolen and laundered cryptocurrency to self-fund operations including the acquisition of infrastructure.
Kimsuky,T1678,Delay Execution,stealth,G0094,DATA,DATA,,False,,Kimsuky,Kimsuky has utilized the Sleep function to ensure execution of scripts.
Kimsuky,T1680,Local Storage Discovery,discovery,G0094,DATA,DATA,,False,,APT29;APT41;Kimsuky,Kimsuky has enumerated drives.
Kimsuky,T1682,Query Public AI Services,reconnaissance,G0094,CTI,CTI,,False,,Kimsuky,"Kimsuky has used LLMs to identify think tanks, government organizations, and experts to inform targeting for spearphishing campaigns."
Kimsuky,T1684.001,Impersonation,stealth,G0094,DATA,DATA,,False,,APT41;Kimsuky,"Kimsuky has also impersonated legitimate people, such as a foreign advisor, an embassy employee, and a think tank employee. Kimsuky has also purported to be a Japanese diplomat to communicate with the victims."
Kimsuky,T1685,Disable or Modify Tools,defense-impairment,G0094,SYSMON,SYSMON,,False,CAR-2013-04-002;CAR-2016-04-003;CAR-2020-09-003;CAR-2021-01-007;CAR-2022-03-001,APT29;APT41;TA505;Kimsuky,Kimsuky has been observed turning off Windows Security Center and can hide the AV software window from the view of the infected user.
Kimsuky,T1686,Disable or Modify System Firewall,defense-impairment,G0094,HUNT,DATA,W5-H3,False,,APT29;Kimsuky;Amadey,Kimsuky has been observed disabling the system firewall.
Amadey,T1005,Data from Local System,collection,Week 4 KC6,DATA,DATA,,False,,APT29;APT41;Kimsuky;Amadey;APT1,Host data collected for the panel
Amadey,T1016,System Network Configuration Discovery,discovery,Week 4 KC6,DATA,DATA,,False,CAR-2013-04-002;CAR-2016-03-001,APT41;Kimsuky;Amadey;APT1,Victim IP / network configuration
Amadey,T1021.001,Remote Desktop Protocol,lateral-movement,Week 4 KC7,HUNT,DATA,W3-RDP-REG;W5-H3,False,CAR-2013-07-002;CAR-2013-10-001;CAR-2016-04-005,APT29;APT41;Kimsuky;Amadey;APT1,v5 command: enable RDP (fDenyTSConnections=0)
Amadey,T1027,Obfuscated Files or Information,stealth,Week 4 KC2,DATA,DATA,,False,,APT41;Kimsuky;Amadey,"Encrypted strings in the build, obfuscated Emmenhtal JavaScript"
Amadey,T1033,System Owner/User Discovery,discovery,Week 4 KC6,DATA,DATA,,False,CAR-2013-04-002;CAR-2016-03-001,APT41;Kimsuky;Amadey,User name (GetUserNameA)
Amadey,T1041,Exfiltration Over C2 Channel,exfiltration,Week 4 KC6,SYSMON,SYSMON,,False,,APT41;Kimsuky;Amadey,Host profile sent over the C2 channel
Amadey,T1053.005,Scheduled Task,execution;persistence;privilege-escalation,Week 4 KC5,RULE,DATA,W3-SCHTASKS;W5-H2;W7-CAR-TASK;W7-CAR-PROC,False,CAR-2013-01-002;CAR-2013-04-002;CAR-2013-08-001;CAR-2015-04-002;CAR-2020-09-001;CAR-2021-12-001,APT29;APT41;Kimsuky;Amadey,"Task named after the EXE, trigger every 1 minute (confirmed in VT sandbox)"
Amadey,T1059.001,PowerShell,execution,Week 4 KC4,HUNT,DATA,W5-H1,False,CAR-2014-04-003;CAR-2014-11-004,APT29;APT41;TA505;Kimsuky;Amadey,Emmenhtal PowerShell layer downloads/starts the loader
Amadey,T1059.007,JavaScript,execution,Week 4 KC4,HUNT,SYSMON,W5-H1,False,,APT41;TA505;Kimsuky;Amadey,JavaScript executed by Windows Script Host (WScript.Shell launches PowerShell)
Amadey,T1071.001,Web Protocols,command-and-control,Week 4 KC6,SYSMON,SYSMON,W3-C2-POST,True,,APT29;APT41;TA505;Kimsuky;Amadey,"HTTP POST to /<random>/index.php (Sigma rule ready, needs proxy logs)"
Amadey,T1082,System Information Discovery,discovery,Week 4 KC6,DATA,DATA,,False,CAR-2013-04-002;CAR-2016-03-001,APT41;Kimsuky;Amadey,"OS version, computer name in the check-in"
Amadey,T1083,File and Directory Discovery,discovery,Week 4 KC6,DATA,DATA,,False,,APT29;APT41;Kimsuky;Amadey,Looks for AV program folders
Amadey,T1090,Proxy,command-and-control,Week 4 KC7,SYSMON,SYSMON,,False,,APT41;Amadey,v5 command: SOCKS proxy through the victim
Amadey,T1105,Ingress Tool Transfer,command-and-control,Week 4 KC3,HUNT,SYSMON,W5-H1,False,CAR-2013-07-001;CAR-2021-05-005;CAR-2021-05-006;CAR-2021-05-007,APT29;APT41;TA505;Kimsuky;Amadey,Emmenhtal stage and Amadey EXE downloaded over HTTP
Amadey,T1106,Native API,execution,Week 4 KC5,SYSMON,SYSMON,,False,,TA505;Kimsuky;Amadey,CreateProcessA starts the copied loader
Amadey,T1112,Modify Registry,defense-impairment;persistence,Week 4 KC5,DATA,DATA,W3-RDP-REG;W3-STARTUP-REG,True,CAR-2013-01-002;CAR-2013-03-001;CAR-2013-04-002;CAR-2014-11-005;CAR-2020-05-003;CAR-2021-11-001;CAR-2021-11-002;CAR-2021-12-002,APT41;TA505;Kimsuky;Amadey,Registry values overwritten for persistence
Amadey,T1113,Screen Capture,collection,Week 4 KC7,DATA,DATA,,False,,Kimsuky;Amadey,v5 screen capture; screenshot upload URL index.php?scr=1 seen in VT relations of d7a366fa
Amadey,T1115,Clipboard Data,collection,Week 4 KC7,DATA,DATA,W3-RUNDLL32,True,,Kimsuky;Amadey,Clipper plugin replaces wallet addresses
Amadey,T1136.001,Local Account,persistence,Week 4 KC7,HUNT,DATA,W5-H3,False,CAR-2021-05-010,APT41;Kimsuky;Amadey,v5 command: hidden local admin account
Amadey,T1140,Deobfuscate/Decode Files or Information,stealth,Week 4 KC5,SYSMON,SYSMON,,False,CAR-2021-05-009,APT29;APT41;TA505;Kimsuky;Amadey,"Encrypted strings (AV names, C2, file names) decoded at runtime"
Amadey,T1204.002,Malicious File,execution,Week 4 KC4,SYSMON,SYSMON,W3-HEXEXE;W5-H2,True,CAR-2021-05-002,APT29;TA505;Kimsuky;Amadey,User double-clicks the JS file from the archive
Amadey,T1218.005,Mshta,stealth,Week 4 KC4,HUNT,SYSMON,W5-H1,False,,APT29;Kimsuky;Amadey,mshta.exe runs Emmenhtal disguised as .mp4 (Orange Cyberdefense pattern; not in Talos' JS samples)
Amadey,T1218.011,Rundll32,stealth,Week 4 KC7,SYSMON,SYSMON,W3-RUNDLL32,True,CAR-2014-03-006,APT29;APT41;TA505;Kimsuky;Amadey,"rundll32 <path>\clip64.dll, Main"
Amadey,T1486,Data Encrypted for Impact,impact,Week 4 KC7,SYSMON,SYSMON,,False,,APT41;TA505;Amadey,LockBit 3.0 delivered by Amadey (ASEC 2022) - customer-dependent impact
Amadey,T1518.001,Security Software Discovery,discovery,Week 4 KC6,DATA,DATA,,False,CAR-2013-04-002,Kimsuky;Amadey,AV product code in the av= field
Amadey,T1547.001,Registry Run Keys / Startup Folder,persistence;privilege-escalation,Week 4 KC5,SYSMON,SYSMON,W3-STARTUP-REG,True,CAR-2013-01-002;CAR-2013-03-001;CAR-2020-05-003;CAR-2021-12-002,APT29;APT41;Kimsuky;Amadey,User Shell Folders\Startup redirected to the install folder
Amadey,T1553.005,Mark-of-the-Web Bypass,defense-impairment,Week 4 KC5,SYSMON,SYSMON,,False,,APT29;TA505;Amadey,Zone.Identifier ADS zeroed so SmartScreen/MotW checks do not fire
Amadey,T1555.003,Credentials from Web Browsers,credential-access,Week 4 KC7,SYSMON,SYSMON,W3-RUNDLL32,True,,APT29;APT41;TA505;Kimsuky;Amadey,cred64.dll and StealC steal browser credentials
Amadey,T1564.001,Hidden Files and Directories,stealth,Week 4 KC5,DATA,DATA,,False,,Amadey,Hidden files/directories (Talos STIX listed revoked T1158)
Amadey,T1566.001,Spearphishing Attachment,initial-access,Week 4 KC3,SYSMON,SYSMON,,False,,APT29;APT41;TA505;Kimsuky;Amadey;APT1,"Archive attachment with JavaScript in phishing mail (Talos: seen with SmokeLoader, likely for Amadey)"
Amadey,T1568.001,Fast Flux DNS,command-and-control,Week 4 KC6,SYSMON,SYSMON,,False,,TA505;Amadey,Fast-flux DNS hides C2 hosts (S1025)
Amadey,T1573.001,Symmetric Cryptography,command-and-control,Week 4 KC6,SYSMON,SYSMON,,False,,Amadey,v5 encrypts the host profile with RC4 before sending
Amadey,T1583.001,Domains,resource-development,Week 4 KC2,CTI,CTI,,False,,APT29;TA505;Kimsuky;Amadey;APT1,"C2 domains such as microsoft-telemetry.at, goodpanelforgoodjob.com"
Amadey,T1584.004,Server,resource-development,Week 4 KC2,CTI,CTI,,False,,Amadey,Self-hosted GitLab servers hijacked (bzctoons.net; gitd3ti.vokasi.uns.ac.id from my VT pivot)
Amadey,T1587.001,Malware,resource-development,Week 4 KC2,CTI,CTI,,False,,APT29;Kimsuky;Amadey,Amadey developed and sold as MaaS since 2018 (operator side)
Amadey,T1588.001,Malware,resource-development,Week 4 KC2,CTI,CTI,,False,,TA505;Amadey;APT1,Affiliates buy Amadey builds (customer side)
Amadey,T1591,Gather Victim Org Information,reconnaissance,Week 4 KC1,CTI,CTI,,False,,Kimsuky;Amadey,"Target choice; the linked phishing campaign hit Ukrainian entities (inferred, low confidence)"
Amadey,T1608.001,Upload Malware,resource-development,Week 4 KC2,CTI,CTI,,False,,TA505;Kimsuky;Amadey,Payloads staged in GitHub repos and in gitlab.bzctoons.net/suau/fds
Amadey,T1614,System Location Discovery,discovery,Week 4 KC6,DATA,DATA,,False,,Amadey,"Locale / keyboard check, exits on Russian systems"
Amadey,T1686,Disable or Modify System Firewall,defense-impairment,Week 4 KC7,HUNT,DATA,W5-H3,False,,APT29;Kimsuky;Amadey,v5 command: firewall rule for RDP (was T1562.004 before v19)
APT1,T1003.001,LSASS Memory,credential-access,G0006,SYSMON,SYSMON,,False,CAR-2013-07-001;CAR-2019-04-004;CAR-2019-07-002;CAR-2019-08-001;CAR-2021-05-011,APT41;Kimsuky;APT1,APT1 has been known to use credential dumping using Mimikatz.
APT1,T1005,Data from Local System,collection,G0006,DATA,DATA,,False,,APT29;APT41;Kimsuky;Amadey;APT1,APT1 has collected files from a local victim.
APT1,T1007,System Service Discovery,discovery,G0006,DATA,DATA,,False,CAR-2013-04-002;CAR-2016-03-001,Kimsuky;APT1,APT1 used the commands <code>net start</code> and <code>tasklist</code> to get a listing of the services on the system.
APT1,T1016,System Network Configuration Discovery,discovery,G0006,DATA,DATA,,False,CAR-2013-04-002;CAR-2016-03-001,APT41;Kimsuky;Amadey;APT1,APT1 used the <code>ipconfig /all</code> command to gather network configuration information.
APT1,T1021.001,Remote Desktop Protocol,lateral-movement,G0006,HUNT,DATA,W3-RDP-REG;W5-H3,False,CAR-2013-07-002;CAR-2013-10-001;CAR-2016-04-005,APT29;APT41;Kimsuky;Amadey;APT1,The APT1 group is known to have used RDP during operations.
APT1,T1036.005,Match Legitimate Resource Name or Location,stealth,G0006,DATA,DATA,,False,CAR-2021-04-001,APT29;APT41;Kimsuky;APT1,"The file name AcroRD32.exe, a legitimate process name for Adobe's Acrobat Reader, was used by APT1 as a name for malware."
APT1,T1049,System Network Connections Discovery,discovery,G0006,DATA,DATA,,False,CAR-2013-04-002,APT41;APT1,APT1 used the <code>net use</code> command to get a listing on network connections.
APT1,T1057,Process Discovery,discovery,G0006,DATA,DATA,,False,CAR-2013-04-002;CAR-2016-03-001,APT29;Kimsuky;APT1,APT1 gathered a list of running processes on the system using <code>tasklist /v</code>.
APT1,T1059.003,Windows Command Shell,execution,G0006,SYSMON,SYSMON,,False,CAR-2013-02-003;CAR-2014-11-002,APT29;APT41;TA505;Kimsuky;APT1,"APT1 has used the Windows command shell to execute commands, and batch scripting to automate execution."
APT1,T1087.001,Local Account,discovery,G0006,DATA,DATA,,False,CAR-2013-04-002;CAR-2016-03-001,APT41;APT1,"APT1 used the commands <code>net localgroup</code>,<code>net user</code>, and <code>net group</code> to find accounts on the system."
APT1,T1114.001,Local Email Collection,collection,G0006,SYSMON,SYSMON,,False,,APT1,"APT1 uses two utilities, GETMAIL and MAPIGET, to steal email. GETMAIL extracts emails from archived Outlook .pst files."
APT1,T1114.002,Remote Email Collection,collection,G0006,SYSMON,SYSMON,,False,,APT29;Kimsuky;APT1,"APT1 uses two utilities, GETMAIL and MAPIGET, to steal email. MAPIGET steals email still on Exchange servers that has not yet been archived."
APT1,T1119,Automated Collection,collection,G0006,DATA,DATA,,False,,APT41;APT1,APT1 used a batch script to perform a series of discovery techniques and saves it to a text file.
APT1,T1135,Network Share Discovery,discovery,G0006,SYSMON,SYSMON,,False,,APT41;APT1,APT1 listed connected network shares.
APT1,T1550.002,Pass the Hash,lateral-movement,G0006,DATA,DATA,,False,CAR-2016-04-004,APT41;Kimsuky;APT1,The APT1 group is known to have used pass the hash.
APT1,T1560.001,Archive via Utility,collection,G0006,SYSMON,SYSMON,,False,CAR-2013-07-005,APT29;APT41;Kimsuky;APT1,APT1 has used RAR to compress files before moving them outside of the victim network.
APT1,T1566.001,Spearphishing Attachment,initial-access,G0006,SYSMON,SYSMON,,False,,APT29;APT41;TA505;Kimsuky;Amadey;APT1,APT1 has sent spearphishing emails containing malicious attachments.
APT1,T1566.002,Spearphishing Link,initial-access,G0006,SYSMON,SYSMON,,False,,APT29;TA505;Kimsuky;APT1,APT1 has sent spearphishing emails containing hyperlinks to malicious files.
APT1,T1583.001,Domains,resource-development,G0006,CTI,CTI,,False,,APT29;TA505;Kimsuky;Amadey;APT1,APT1 has registered hundreds of domains for use in operations.
APT1,T1584.001,Domains,resource-development,G0006,CTI,CTI,,False,,APT29;Kimsuky;APT1,APT1 hijacked FQDNs associated with legitimate websites hosted by hop points.
APT1,T1585.002,Email Accounts,resource-development,G0006,CTI,CTI,,False,,Kimsuky;APT1,"APT1 has created email accounts for later use in social engineering, phishing, and when registering domains."
APT1,T1588.001,Malware,resource-development,G0006,CTI,CTI,,False,,TA505;Amadey;APT1,APT1 used publicly available malware for privilege escalation.
APT1,T1588.002,Tool,resource-development,G0006,CTI,CTI,,False,,APT29;APT41;TA505;Kimsuky;APT1,APT1 has used various open-source tools for privilege escalation purposes.
